metric;timestamp;ts_join;type;rt1_value;rt2_value;rt3_value;rt4_value;rt5_value;rt6_value;rt7_value;rt8_value;rt9_value;rt10_value;dt4 - Média ;DT4 - MI
Table.ReadLatency.lucasdb.iot_data_dt;1511040089;50368002;mean;0,039116;0,040402;0,038938;0,033273;0,039062;0,036484;0,155213;0,029661;0,041661;0,167508;0,0621318;0,053018625
Table.ReadLatency.lucasdb.iot_data_dt;1511040119;50368003;mean;0,050441;0,069272;0,039533;0,06043;0,079056;0,11557;0,321164;0,050879;0,115727;0,077372;0,0979444;0,077343375
Table.ReadLatency.lucasdb.iot_data_dt;1511040149;50368004;mean;0,058078;0,065026;0,08181;0,073457;0,086109;0,130709;0,228536;0,071457;0,096542;0,063622;0,0955346;0,0835915
Table.ReadLatency.lucasdb.iot_data_dt;1511040179;50368005;mean;0,077022;0,08303;0,120095;0,089172;0,082684;0,130869;0,141199;0,066976;0,082325;0,0552;0,0928572;0,091521625
Table.ReadLatency.lucasdb.iot_data_dt;1511040209;50368006;mean;0,078759;0,098021;0,080052;0,116365;0,105079;0,127334;0,119516;0,13168;0,107844;0,062357;0,1027007;0,10412125
Table.ReadLatency.lucasdb.iot_data_dt;1511040239;50368007;mean;0,085758;0,102038;0,07747;0,118833;0,115238;0,117961;0,117734;0,137737;0,103339;0,288641;0,1264749;0,11232975
Table.ReadLatency.lucasdb.iot_data_dt;1511040269;50368008;mean;0,088894;0,092373;2,01945;0,097264;0,091567;0,129408;0,123639;0,14502;0,084108;0,28855;0,3160273;0,132089375
Table.ReadLatency.lucasdb.iot_data_dt;1511040299;50368009;mean;0,119938;0,101136;1,072245;0,106376;0,377892;0,176511;0,103133;0,090309;0,10755;0,088605;0,2343695;0,147855625
Table.ReadLatency.lucasdb.iot_data_dt;1511040329;50368010;mean;0,145382;0,110347;0,819037;0,150771;0,350755;0,150641;0,153274;0,604485;0,149478;0,091653;0,2725823;0,226891625
Table.ReadLatency.lucasdb.iot_data_dt;1511040359;50368011;mean;0,125154;0,100024;0,849518;0,198422;0,134666;0,164615;0,323405;0,346146;0,167012;0,101864;0,2510826;0,1951605
Table.ReadLatency.lucasdb.iot_data_dt;1511040389;50368012;mean;0,155923;0,106225;0,119489;0,160457;0,130838;0,164294;0,301951;0,574843;0,136306;0,300323;0,2150649;0,183697625
Table.ReadLatency.lucasdb.iot_data_dt;1511040419;50368013;mean;0,247905;0,112925;0,194167;0,115621;0,165071;0,1745;0,152452;0,369569;0,277226;0,30715;0,2116586;0,2042615
Table.ReadLatency.lucasdb.iot_data_dt;1511040449;50368014;mean;0,191802;0,131843;0,167202;0,113846;0,191765;0,214805;0,138275;0,463041;0,313494;0,095593;0,2021666;0,182879
Table.ReadLatency.lucasdb.iot_data_dt;1511040479;50368015;mean;0,208851;0,1131;0,193936;0,388924;0,133637;0,141699;0,127251;0,462752;0,128743;0,111487;0,201038;0,179517625
Table.ReadLatency.lucasdb.iot_data_dt;1511040509;50368016;mean;0,20439;0,113547;0,215836;0,372794;0,149578;0,260791;0,14204;0,201817;0,136595;0,369102;0,216649;0,210018625
Table.ReadLatency.lucasdb.iot_data_dt;1511040539;50368017;mean;0,147482;0,128146;0,269951;0,368595;0,144564;0,267599;0,149212;0,396045;0,15591;0,340116;0,236762;0,230428625
Table.ReadLatency.lucasdb.iot_data_dt;1511040569;50368018;mean;0,148874;0,12509;0,229053;0,214697;0,313854;0,387179;0,184878;0,380787;0,209267;0,302688;0,2496367;0,24801225
Table.ReadLatency.lucasdb.iot_data_dt;1511040599;50368019;mean;0,223756;0,146094;0,160633;0,193349;0,379449;0,425795;0,179333;0,319169;0,232345;0,095768;0,2355691;0,229266
Table.ReadLatency.lucasdb.iot_data_dt;1511040629;50368020;mean;0,220424;0,192873;0,184032;0,314683;0,438988;0,24371;0,17673;0,326157;0,229086;0,105629;0,2432312;0,235961875
Table.ReadLatency.lucasdb.iot_data_dt;1511040659;50368021;mean;0,292835;0,217578;0,237106;0,329613;0,381472;0,238951;0,16151;0,243582;0,216157;0,111749;0,2430553;0,2421665
Table.ReadLatency.lucasdb.iot_data_dt;1511040689;50368022;mean;0,301239;0,297512;0,298029;0,206852;0,259666;0,261386;0,146743;0,197293;0,490299;0,139468;0,2598487;0,24609
Table.ReadLatency.lucasdb.iot_data_dt;1511040719;50368023;mean;0,191603;0,287259;0,272632;0,212861;0,215423;0,241522;0,143724;0,352495;0,472824;0,159662;0,2550005;0,241682125
Table.ReadLatency.lucasdb.iot_data_dt;1511040749;50368024;mean;0,205451;0,161289;0,230733;0,446465;0,232071;0,25002;0,14736;0,362583;0,210662;0,130526;0,237716;0,225021125
Table.ReadLatency.lucasdb.iot_data_dt;1511040779;50368025;mean;0,387918;0,161225;0,330158;0,580988;0,262268;0,759037;0,229038;0,172017;0,240687;0,119669;0,3243005;0,295537375
Table.ReadLatency.lucasdb.iot_data_dt;1511040809;50368026;mean;0,39015;0,209236;0,31356;0,657981;0,270062;0,84058;0,268254;0,20564;0,26021;0,201117;0,361679;0,321886625
Table.ReadLatency.lucasdb.iot_data_dt;1511040839;50368027;mean;0,203765;0,227351;0,24049;0,520976;0,356634;0,313056;0,228102;0,218116;0,251373;0,196351;0,2756214;0,254860875
Table.ReadLatency.lucasdb.iot_data_dt;1511040869;50368028;mean;0,255309;0,237858;0,220831;0,246633;0,327615;0,309573;0,188587;0,222391;0,312521;0,146491;0,2467809;0,249212875
Table.ReadLatency.lucasdb.iot_data_dt;1511040899;50368029;mean;0,276277;0,227445;0,302648;0,301248;0,342576;0,330932;0,206041;0,232298;0,334954;0,155401;0,270982;0,276480375
Table.ReadLatency.lucasdb.iot_data_dt;1511040929;50368030;mean;0,313485;0,207921;0,483442;0,296115;0,395915;0,338655;0,429249;0,439705;0,292205;0,159739;0,3356431;0,33915625
Table.ReadLatency.lucasdb.iot_data_dt;1511040959;50368031;mean;0,340295;0,214325;0,461834;0,519492;0,367551;0,518978;0,416893;0,586187;0,534765;0,393186;0,4353506;0,44412425
Table.ReadLatency.lucasdb.iot_data_dt;1511040989;50368032;mean;0,33965;2,092657;0,488367;0,569142;0,433524;0,511933;0,240145;0,484716;0,549763;0,416899;0,6126796;0,47424925
Table.ReadLatency.lucasdb.iot_data_dt;1511041019;50368033;mean;0,313466;3,45742;0,492212;0,302144;14,913968;0,287687;0,237045;0,546696;0,253578;0,985406;2,1789622;0,829826125
Table.ReadLatency.lucasdb.iot_data_dt;1511041049;50368034;mean;0,381609;2,257596;0,251692;0,357265;14,098261;0,290235;0,364019;0,615892;0,317213;0,929889;1,9863671;0,68921475
Table.ReadLatency.lucasdb.iot_data_dt;1511041079;50368035;mean;0,36589;2,346475;0,304352;0,393837;0,900254;0,345862;0,403199;0,653086;0,493824;1,88049;0,8087269;0,67955525
Table.ReadLatency.lucasdb.iot_data_dt;1511041109;50368036;mean;0,406946;2,728356;0,309084;1,238477;1,222513;0,391462;0,273144;0,269653;0,564819;1,922229;0,9326683;0,79108425
Table.ReadLatency.lucasdb.iot_data_dt;1511041139;50368037;mean;0,362938;2,710115;0,328866;1,363265;1,271625;0,354664;0,307213;0,303291;0,496518;0,494373;0,7992868;0,62243275
Table.ReadLatency.lucasdb.iot_data_dt;1511041169;50368038;mean;1,406455;3,955877;0,359426;0,78459;1,069674;0,372427;0,28866;0,291258;0,408943;0,452539;0,9389849;0,643164
Table.ReadLatency.lucasdb.iot_data_dt;1511041199;50368039;mean;3,475451;5,8802;0,337876;1,820794;2,362125;0,468429;0,271333;0,311503;1,483142;1,000219;1,7411072;1,407442375
Table.ReadLatency.lucasdb.iot_data_dt;1511041233;50368041;mean;38,379711;21,311611;1,390529;7,265875;5,86873;5,064164;0,287656;2,758132;4,401472;8,042067;9,4769947;7,0128225
Table.ReadLatency.lucasdb.iot_data_dt;1511041259;50368041;mean;49,609214;21,311611;1,390529;7,265875;5,86873;5,064164;0,287656;2,758132;4,401472;8,042067;10,599945;7,0128225
Table.ReadLatency.lucasdb.iot_data_dt;1511041291;50368043;mean;66,574272;27,950154;13,077695;9,964718;43,612337;92,977075;94,300443;12,018005;8,31471;34,878832;40,3668241;37,631636
Table.ReadLatency.lucasdb.iot_data_dt;1511041319;50368043;mean;19,925075;27,950154;13,077695;9,964718;43,612337;92,977075;94,300443;12,018005;8,31471;34,878832;35,7019044;31,80048638
Table.ReadLatency.lucasdb.iot_data_dt;1511041349;50368044;mean;54,901922;41,802047;9,818874;9,976243;7,490786;68,544188;126,97194;9,218319;39,061196;13,367093;38,1152608;30,83623525
Table.ReadLatency.lucasdb.iot_data_dt;1511041379;50368045;mean;48,773215;39,577828;14,266595;27,024703;18,550359;109,694683;14,843198;21,671675;39,239749;14,312224;34,7954229;27,99911888
Table.ReadLatency.lucasdb.iot_data_dt;1511041409;50368046;mean;14,027907;23,894511;30,874018;22,995521;25,859479;37,509502;51,258438;27,531085;32,268886;39,634832;30,5854179;30,07097925
Table.ReadLatency.lucasdb.iot_data_dt;1511041439;50368047;mean;12,397619;17,150806;24,893569;17,512086;19,881524;29,332159;27,314213;14,827948;21,741086;32,977967;21,8028977;21,58167388
Table.ReadLatency.lucasdb.iot_data_dt;1511041469;50368048;mean;12,801437;16,129416;20,724905;18,860574;16,068133;25,840596;40,751661;13,410321;23,738617;12,648802;20,0974462;18,44674988
Table.ReadLatency.lucasdb.iot_data_dt;1511041499;50368049;mean;14,870742;14,400544;28,21287;16,35521;19,931894;22,330015;41,961095;15,590006;21,11358;11,036141;20,5802097;19,10060763
Table.ReadLatency.lucasdb.iot_data_dt;1511041529;50368050;mean;20,566249;19,592101;26,583604;24,465912;17,034336;15,41696;15,709549;14,010702;15,694631;11,749563;18,0823607;17,811305
Table.ReadLatency.lucasdb.iot_data_dt;1511041559;50368051;mean;20,762917;19,449647;22,237559;25,53628;16,208511;20,780919;20,133168;36,094522;17,368063;12,377688;21,0949274;20,309633
Table.ReadLatency.lucasdb.iot_data_dt;1511041591;50368053;mean;27,513519;18,211301;21,8787;14,859442;15,049921;12,32672;16,502373;15,368095;19,040695;10,324315;17,1075081;16,65465588
Table.ReadLatency.lucasdb.iot_data_dt;1511041619;50368053;mean;37,359294;18,211301;21,8787;14,859442;15,049921;12,32672;16,502373;15,368095;19,040695;10,324315;18,0920856;16,65465588
Table.ReadLatency.lucasdb.iot_data_dt;1511041649;50368054;mean;42,522564;82,160825;23,676525;16,578253;15,492335;14,637073;53,216712;40,762205;50,817515;21,538502;36,1402509;33,07557638
Table.ReadLatency.lucasdb.iot_data_dt;1511041679;50368055;mean;15,471635;74,181386;21,363166;62,325382;174,336661;70,123181;55,05975;46,852825;56,253895;23,789093;59,9756974;51,24358475
Table.ReadLatency.lucasdb.iot_data_dt;1511041709;50368056;mean;19,001657;13,297492;19,112895;59,837681;100,643512;70,601465;18,230544;23,700444;53,225674;21,4689;39,9120264;35,6474075
Table.ReadLatency.lucasdb.iot_data_dt;1511041739;50368057;mean;22,683222;10,968596;17,726223;21,258324;61,536597;34,824129;23,951143;37,21399;40,341087;26,582677;29,7085988;28,07259938
Table.ReadLatency.lucasdb.iot_data_dt;1511041769;50368058;mean;20,889037;13,866848;14,701574;21,927691;59,360974;27,941728;18,895836;29,600598;25,564819;39,726209;27,2475314;24,9059365
Table.ReadLatency.lucasdb.iot_data_dt;1511041799;50368059;mean;16,541021;16,915009;13,173951;18,347449;15,306224;24,789642;16,747765;16,850606;26,315434;33,472555;19,8459656;18,97664375
Table.ReadLatency.lucasdb.iot_data_dt;1511041831;50368061;mean;89,776097;40,228126;15,738518;12,729758;15,245461;12,516016;45,48097;132,51596;106,585775;38,368313;50,9184994;45,51912725
Table.ReadLatency.lucasdb.iot_data_dt;1511041859;50368061;mean;97,60542;40,228126;15,738518;12,729758;15,245461;12,516016;45,48097;132,51596;106,585775;38,368313;51,7014317;46,49779263
Table.ReadLatency.lucasdb.iot_data_dt;1511041889;50368062;mean;93,791529;40,836871;43,201354;23,212819;34,33874;16,578191;45,846567;105,533327;75,721963;36,213857;51,5275218;49,1454625
Table.ReadLatency.lucasdb.iot_data_dt;1511041919;50368063;mean;23,831331;19,031217;41,241142;13,13175;31,044242;16,563805;18,49783;47,866345;40,242398;23,565946;27,5016006;26,75223888
Table.ReadLatency.lucasdb.iot_data_dt;1511041949;50368064;mean;33,467193;19,867504;16,493593;26,168425;13,546035;15,072755;17,090135;47,859412;43,360002;23,111402;25,6036456;24,32887613
Table.ReadLatency.lucasdb.iot_data_dt;1511041979;50368065;mean;37,216764;23,652448;16,011129;22,748164;11,857274;15,77226;20,67235;20,435947;17,195692;21,567323;20,7129351;19,75691413
Table.ReadLatency.lucasdb.iot_data_dt;1511042009;50368066;mean;26,232851;23,897594;23,369935;27,081644;16,427281;15,814718;20,974417;27,961713;18,373311;27,168103;22,7301567;22,940642
Table.ReadLatency.lucasdb.iot_data_dt;1511042039;50368067;mean;38,164869;25,922955;29,279228;27,318608;21,186066;29,833181;20,580585;24,812819;20,220978;25,027819;26,2347108;25,49515763
Table.ReadLatency.lucasdb.iot_data_dt;1511042069;50368068;mean;42,100879;30,783269;31,446035;29,610245;27,715193;37,605068;20,670429;30,992507;20,544876;32,329927;30,3798428;30,14408413
Table.ReadLatency.lucasdb.iot_data_dt;1511042099;50368069;mean;36,123179;27,260688;26,557008;28,275451;35,04296;28,976843;23,035895;27,874767;21,596836;31,381279;28,6124906;28,55061138
Table.ReadLatency.lucasdb.iot_data_dt;1511042129;50368070;mean;43,314586;29,768456;22,485346;43,382204;32,368813;30,515551;35,40026;30,505677;28,8223;30,152388;32,6715581;32,60600388
Table.ReadLatency.lucasdb.iot_data_dt;1511042159;50368071;mean;107,130627;43,572237;27,992854;46,696009;81,794466;41,784548;62,725064;42,835328;49,530204;36,57763;54,0638967;50,68943575
Table.ReadLatency.lucasdb.iot_data_dt;1511042189;50368072;mean;83,970978;47,938954;150,712614;125,909182;89,507736;39,919197;60,015109;220,541946;67,412908;295,092597;118,1021221;105,7511784
Table.ReadLatency.lucasdb.iot_data_dt;1511042219;50368073;mean;70,222471;40,289576;97,655331;104,84849;92,679665;80,139656;47,311137;146,735141;53,271211;185,419907;91,8572585;86,60788775
Table.ReadLatency.lucasdb.iot_data_dt;1511042249;50368074;mean;59,610331;37,11244;99,069234;49,440867;68,220254;74,221342;50,452685;103,192823;48,672986;146,486916;73,6479878;69,11006525
Table.ReadLatency.lucasdb.iot_data_dt;1511042279;50368075;mean;43,290483;33,586243;91,174419;44,267574;66,023927;47,047288;38,175558;90,771307;37,176155;127,972818;61,9485772;57,24083888
Table.ReadLatency.lucasdb.iot_data_dt;1511042309;50368076;mean;71,214071;50,879071;40,844379;48,683856;67,136726;41,838182;42,610813;82,467441;44,809215;78,596091;56,9079845;55,72100313
Table.ReadLatency.lucasdb.iot_data_dt;1511042339;50368077;mean;71,506869;44,934014;42,190543;59,169914;42,563778;44,632446;35,07756;52,812572;53,533559;56,945815;50,336707;49,59783013
Table.ReadLatency.lucasdb.iot_data_dt;1511042369;50368078;mean;39,320523;40,129038;41,736319;57,824757;49,599546;46,589129;38,108182;46,812095;47,406547;50,541645;45,8067781;45,26685525
Table.ReadLatency.lucasdb.iot_data_dt;1511042399;50368079;mean;45,400898;43,347999;46,495948;42,723536;51,515169;39,154147;39,674131;52,469214;55,640587;44,848338;46,1269967;45,80940413
Table.ReadLatency.lucasdb.iot_data_dt;1511042435;50368081;mean;56,399149;55,676463;42,638919;58,054533;57,703676;63,822436;79,659528;76,408752;54,605445;60,835361;60,5804262;60,43822688
Table.ReadLatency.lucasdb.iot_data_dt;1511042459;50368081;mean;53,739289;55,676463;42,638919;58,054533;57,703676;63,822436;79,659528;76,408752;54,605445;60,835361;60,3144402;60,10574438
Table.ReadLatency.lucasdb.iot_data_dt;1511042489;50368082;mean;75,608546;67,553813;65,427692;71,138417;60,198582;58,276239;72,012175;71,232579;55,912181;134,124749;73,1484973;67,68100538
Table.ReadLatency.lucasdb.iot_data_dt;1511042519;50368083;mean;73,112699;88,357487;82,9528;106,078476;114,354692;138,26403;76,422191;84,019225;64,491272;190,220556;101,8273428;95,4452
Table.ReadLatency.lucasdb.iot_data_dt;1511042549;50368084;mean;99,613467;112,207403;85,121359;111,538258;154,543093;125,667014;125,953857;94,124;90,307675;206,27228;120,5348406;114,2443459
Table.ReadLatency.lucasdb.iot_data_dt;1511042579;50368085;mean;144,872734;117,261952;118,316265;109,068357;171,864369;151,699842;187,426728;155,239805;108,252161;203,601318;146,7603531;144,4687565
Table.ReadLatency.lucasdb.iot_data_dt;1511042609;50368086;mean;146,751821;120,825144;127,862082;178,262545;180,431365;180,289029;175,236269;187,107679;114,563042;155,281329;156,6610305;158,117448
Table.ReadLatency.lucasdb.iot_data_dt;1511042641;50368088;mean;191,544759;182,921708;203,744638;263,330937;254,326425;156,294752;321,29593;178,950464;178,203407;179,085586;210,9698606;204,0134905
Table.ReadLatency.lucasdb.iot_data_dt;1511042669;50368088;mean;343,024143;182,921708;203,744638;263,330937;254,326425;156,294752;321,29593;178,950464;178,203407;179,085586;226,117799;220,2323869
Table.ReadLatency.lucasdb.iot_data_dt;1511042699;50368089;mean;266,814442;170,944471;239,323052;293,913657;214,468397;144,172138;276,235494;190,667281;175,121267;189,029802;216,0690001;215,3255258
Table.ReadLatency.lucasdb.iot_data_dt;1511042729;50368090;mean;336,920203;196,513273;158,118211;225,548866;254,804545;207,734428;299,663687;165,330051;120,127639;223,797399;218,8558302;216,4388075
Table.ReadLatency.lucasdb.iot_data_dt;1511042759;50368091;mean;304,282387;222,036804;138,296372;196,68213;191,057589;212,207175;294,097056;196,616498;140,133688;215,943878;211,1353577;208,5968523
Table.ReadLatency.lucasdb.iot_data_dt;1511042789;50368092;mean;296,317856;212,384392;179,997155;162,004513;231,313228;222,231669;295,393885;215,398519;200,838224;203,598717;221,9478158;220,1444736
Table.ReadLatency.lucasdb.iot_data_dt;1511042819;50368093;mean;302,49606;271,427519;193,294736;194,721806;248,68471;241,007927;201,037476;199,25134;203,589708;192,7864;224,8297682;219,1269028
Table.ReadLatency.lucasdb.iot_data_dt;1511042849;50368094;mean;175,759733;302,133647;176,710748;198,203758;203,016684;258,090538;166,887561;190,289449;151,863706;234,331426;205,728725;200,4112371
Table.ReadLatency.lucasdb.iot_data_dt;1511042879;50368095;mean;213,634795;272,39986;213,500291;219,78495;239,367399;244,798387;185,799915;185,008655;209,769411;219,802506;220,3866169;218,3072068
Table.ReadLatency.lucasdb.iot_data_dt;1511042909;50368096;mean;217,480367;255,028521;214,562021;267,535003;257,161308;224,851248;183,082412;184,042996;272,856124;234,389341;231,0989341;231,8813506
Table.ReadLatency.lucasdb.iot_data_dt;1511042939;50368097;mean;271,431513;269,464265;286,026456;269,915375;246,195161;230,570925;171,627501;217,116753;227,765913;233,141591;242,3255453;245,700187
Table.ReadLatency.lucasdb.iot_data_dt;1511042969;50368098;mean;242,775875;230,225452;280,125739;288,330574;272,033784;223,20086;220,486349;248,803877;225,928228;219,776373;245,1687111;242,9475205
Table.ReadLatency.lucasdb.iot_data_dt;1511042999;50368099;mean;254,175791;306,779209;247,068171;237,757858;231,138011;226,178251;237,011119;255,406624;270,5558;189,624462;245,5695296;244,9114531
Table.ReadLatency.lucasdb.iot_data_dt;1511043029;50368100;mean;239,728015;327,12445;279,36554;248,584747;238,492961;262,493443;280,491892;294,635344;236,691617;263,929818;267,1537827;263,46522
Table.ReadLatency.lucasdb.iot_data_dt;1511043059;50368101;mean;214,916051;312,050664;262,29112;238,396026;313,404795;230,448697;264,466039;266,743081;250,953661;269,576816;262,324695;261,865763
Table.ReadLatency.lucasdb.iot_data_dt;1511043089;50368102;mean;234,575428;261,665675;264,146344;211,898824;349,037149;330,291731;252,527446;254,337084;245,540266;183,5882;258,7608147;256,8728498
Table.ReadLatency.lucasdb.iot_data_dt;1511043119;50368103;mean;255,429828;239,332009;286,312743;271,897916;363,697417;309,010278;293,056843;303,61477;264,725;207,231802;279,4308606;277,9224234
Table.ReadLatency.lucasdb.iot_data_dt;1511043149;50368104;mean;206,315785;244,135114;302,810992;306,694345;406,609226;369,888308;397,075177;283,30528;250,015489;197,492755;296,4342471;295,0300613
Table.ReadLatency.lucasdb.iot_data_dt;1511043179;50368105;mean;254,104808;213,769675;325,866881;280,488024;356,252443;329,406547;387,485469;357,213907;262,225965;198,159917;296,4973636;297,4160313
Table.ReadLatency.lucasdb.iot_data_dt;1511043209;50368106;mean;256,744489;256,11209;384,706241;232,724978;404,204048;310,222609;314,534289;330,6355;262,730185;174,052619;292,6667048;293,5512976
Table.ReadLatency.lucasdb.iot_data_dt;1511043239;50368107;mean;207,838334;268,78399;393,86925;267,631055;422,086045;283,159636;314,390109;280,041955;229,554213;315,959147;298,3313734;294,1736694
Table.ReadLatency.lucasdb.iot_data_dt;1511043269;50368108;mean;231,036194;213,781034;383,194422;283,910535;433,717101;214,066505;341,564424;301,884416;243,449982;290,248956;293,6853569;286,1694293
Table.ReadLatency.lucasdb.iot_data_dt;1511043299;50368109;mean;214,468352;219,747035;428,700038;235,5104;400,030449;224,917556;297,803426;266,968544;272,802256;299,918126;286,0866182;277,212224
Table.ReadLatency.lucasdb.iot_data_dt;1511043329;50368110;mean;400,457748;219,090651;461,348433;237,564912;260,213907;226,880996;270,317156;279,473095;295,61;289,506949;294,0463847;282,5030954
Table.ReadLatency.lucasdb.iot_data_dt;1511043359;50368111;mean;364,047024;253,698144;564,98504;232,178989;278,807346;220,058756;341,106757;274,952706;484,506604;292,829108;330,7170474;315,2658348
Table.ReadLatency.lucasdb.iot_data_dt;1511043389;50368112;mean;381,122994;226,665898;524,892958;266,332399;306,913585;246,026278;464,810925;235,398604;377,664543;377,664954;340,7493138;331,9917853
Table.ReadLatency.lucasdb.iot_data_dt;1511043419;50368113;mean;299,332364;192,024613;413,144995;280,211422;192,765616;253,362189;384,900726;269,610009;327,980285;376,101555;298,9433774;298,0330208
Table.ReadLatency.lucasdb.iot_data_dt;1511043449;50368114;mean;778,218379;248,434278;375,814636;338,20793;183,701914;439,488043;400,655821;284,779666;325,662136;414,65688;378,9619683;353,4624238
Table.ReadLatency.lucasdb.iot_data_dt;1511043479;50368115;mean;575,919284;216,543801;354,992074;244,055885;210,935947;393,907561;411,0094;289,504367;266,273134;447,162748;341,0304201;327,9311213
Table.ReadLatency.lucasdb.iot_data_dt;1511043509;50368116;mean;528,632647;176,287327;325,53825;223,410242;244,004859;278,166433;396,464591;282,237532;245,325458;297,411067;299,7478406;286,569804
Table.ReadLatency.lucasdb.iot_data_dt;1511043539;50368117;mean;497,693258;197,535826;325,604712;213,599947;220,987598;278,921687;327,820513;267,845564;228,015772;337,083779;289,5108656;274,9849465
Table.ReadLatency.lucasdb.iot_data_dt;1511043569;50368118;mean;363,883418;187,782424;337,510928;248,0189;311,560051;336,591724;362,171983;271,851485;246,206703;411,143766;307,6721382;309,724399
Table.ReadLatency.lucasdb.iot_data_dt;1511043599;50368119;mean;346,396102;175,407578;316,955253;250,764803;286,285662;347,944365;294,412977;312,311398;305,627056;392,699534;302,8804728;307,587202
Table.ReadLatency.lucasdb.iot_data_dt;1511043629;50368120;mean;355,257666;193,049477;306,993354;244,654886;356,236411;274,261865;258,327238;299,259977;256,456268;401,914048;294,641119;293,9309581
Table.ReadLatency.lucasdb.iot_data_dt;1511043659;50368121;mean;366,474882;189,555652;292,777535;295,088183;328,936897;227,261103;370,772081;303,567781;254,337167;368,421493;299,7192774;304,6081301
Table.ReadLatency.lucasdb.iot_data_dt;1511043689;50368122;mean;364,718807;219,801618;276,164219;301,339353;291,78908;250,22677;441,46431;350,782745;260,531565;320,642119;307,7460586;302,0243323
Table.ReadLatency.lucasdb.iot_data_dt;1511043719;50368123;mean;254,703393;225,173558;473,184035;180,311528;300,796935;208,032278;263,22016;342,078213;209,753978;299,73358;275,6987658;262,9365119
Table.ReadLatency.lucasdb.iot_data_dt;1511043749;50368124;mean;261,158587;289,88634;473,539444;194,515727;311,456356;193,471428;340,464098;335,89757;233,710378;339,983635;297,4083563;288,3840864
Table.ReadLatency.lucasdb.iot_data_dt;1511043779;50368125;mean;287,966727;348,129342;419,576061;176,388153;278,609726;176,014487;359,568265;358,176485;237,611517;318,907642;296,0948405;295,6697321
Table.ReadLatency.lucasdb.iot_data_dt;1511043809;50368126;mean;301,09347;267,436571;303,392464;211,654334;257,805686;161,480376;355,116584;372,602139;245,93939;207,194728;268,3715742;268,7041534
Table.ReadLatency.lucasdb.iot_data_dt;1511043839;50368127;mean;279,888991;287,909744;260,181334;212,02733;253,691775;182,174778;266,150456;328,360266;253,084002;184,599804;250,806848;249,6916795
Table.ReadLatency.lucasdb.iot_data_dt;1511043869;50368128;mean;260,543322;295,575315;233,443378;211,129822;276,908956;195,056936;444,034199;440,240618;305,766529;293,306544;295,6005619;289,6143105
Table.ReadLatency.lucasdb.iot_data_dt;1511043899;50368129;mean;244,32423;276,375986;210,177612;257,970603;350,748381;195,42535;383,114396;509,305085;290,432906;290,249995;300,8124544;287,9242636
Table.ReadLatency.lucasdb.iot_data_dt;1511043929;50368130;mean;402,380665;258,246377;216,462454;229,78476;351,171988;185,118032;342,230777;427,885337;233,129633;286,586363;293,2996386;289,9991271
Table.ReadLatency.lucasdb.iot_data_dt;1511043959;50368131;mean;302,146494;274,766644;239,142161;196,32609;298,939298;172,793784;305,580706;489,739142;224,167462;310,191144;281,3792925;268,9074999
Table.ReadLatency.lucasdb.iot_data_dt;1511043991;50368133;mean;308,751856;425,342404;237,798087;223,09472;245,679655;221,881706;230,997033;273,616322;290,50412;206,771532;266,4437435;254,0404374
Table.ReadLatency.lucasdb.iot_data_dt;1511044019;50368133;mean;295,928894;425,342404;237,798087;223,09472;245,679655;221,881706;230,997033;273,616322;290,50412;206,771532;265,1614473;252,4375671
Table.ReadLatency.lucasdb.iot_data_dt;1511044049;50368134;mean;241,051977;354,752847;227,689547;172,239748;279,379296;247,641862;208,951818;266,433519;316,526036;213,600495;252,8267145;250,1593188
Table.ReadLatency.lucasdb.iot_data_dt;1511044079;50368135;mean;262,400333;356,921199;223,951082;209,686224;273,309917;210,049669;263,216796;265,318893;316,151623;227,661645;260,8667381;255,2574948
Table.ReadLatency.lucasdb.iot_data_dt;1511044109;50368136;mean;227,456911;306,159139;249,302502;239,72024;226,048565;228,556655;226,135308;229,388632;277,340502;223,846762;243,3955216;237,9936644
Table.ReadLatency.lucasdb.iot_data_dt;1511044139;50368137;mean;231,290144;323,256732;300,675039;273,047976;213,374708;229,671881;205,581221;237,119648;340,942478;255,561293;261,052112;257,9996776
Table.ReadLatency.lucasdb.iot_data_dt;1511044171;50368139;mean;198,26908;279,876259;297,796209;235,536172;213,311239;296,705733;214,542772;288,001233;280,017563;212,314695;251,6370955;252,5382083
Table.ReadLatency.lucasdb.iot_data_dt;1511044199;50368139;mean;191,566297;279,876259;297,796209;235,536172;213,311239;296,705733;214,542772;288,001233;280,017563;212,314695;250,9668172;252,5382083
Table.ReadLatency.lucasdb.iot_data_dt;1511044231;50368141;mean;261,753236;330,065328;262,640289;222,918503;206,55151;254,944463;207,388728;218,836461;263,675175;265,831799;249,4605492;244,7485818
Table.ReadLatency.lucasdb.iot_data_dt;1511044259;50368141;mean;275,932396;330,065328;262,640289;222,918503;206,55151;254,944463;207,388728;218,836461;263,675175;265,831799;250,8784652;246,5209768
Table.ReadLatency.lucasdb.iot_data_dt;1511044289;50368142;mean;355,152987;389,823178;233,424946;200,416546;239,749163;228,289447;218,317143;220,639728;290,276099;291,146314;266,7235551;259,6244784
Table.ReadLatency.lucasdb.iot_data_dt;1511044319;50368143;mean;363,311657;349,115422;325,324064;300,115751;248,705263;299,229714;248,064422;193,385636;303,219595;267,009147;289,7480671;292,5979223
Table.ReadLatency.lucasdb.iot_data_dt;1511044349;50368144;mean;404,693388;299,100846;286,716046;357,816495;256,89718;324,577996;335,020083;190,29908;274,210425;356,651286;308,5982825;311,3737946
Table.ReadLatency.lucasdb.iot_data_dt;1511044379;50368145;mean;416,255271;262,729127;315,612034;402,737744;233,404086;260,306091;344,355773;192,362508;299,074934;306,332018;303,3169586;303,0689759
Table.ReadLatency.lucasdb.iot_data_dt;1511044409;50368146;mean;478,077005;261,808955;337,669308;389,27241;220,090767;340,190392;344,565695;196,797885;259,674147;259,441097;308,7587661;301,5890964
Table.ReadLatency.lucasdb.iot_data_dt;1511044439;50368147;mean;386,861158;241,814659;260,476504;337,133448;213,397551;305,054635;254,19527;223,476476;269,120745;245,761808;273,7292254;267,1291931
Table.ReadLatency.lucasdb.iot_data_dt;1511044469;50368148;mean;307,932723;218,951985;268,164391;318,579427;257,07175;259,306375;272,759354;233,215676;257,176872;207,896251;260,1054804;259,3223908
Table.ReadLatency.lucasdb.iot_data_dt;1511044499;50368149;mean;269,483354;180,345014;248,302142;252,962604;250,222514;262,941589;271,968174;216,801779;229,422057;266,31492;244,8764147;249,5563699
Table.ReadLatency.lucasdb.iot_data_dt;1511044529;50368150;mean;234,324934;183,328319;198,133504;240,808458;254,090209;295,585628;240,649838;351,513361;264,333442;250,677613;251,3445306;247,3254533
Table.ReadLatency.lucasdb.iot_data_dt;1511044559;50368151;mean;263,376147;240,650453;224,708127;248,920653;252,829926;271,39988;255,757771;256,700764;268,78563;260,342457;254,3471808;255,9204751
Table.ReadLatency.lucasdb.iot_data_dt;1511044589;50368152;mean;325,170929;229,552623;200,370336;325,846726;193,521677;356,614519;273,71815;263,526335;206,877924;249,866241;262,506546;259,366158
Table.ReadLatency.lucasdb.iot_data_dt;1511044619;50368153;mean;292,588286;261,513762;215,708829;312,426359;150,731852;350,619042;241,598648;269,416299;203,207822;241,63106;253,9441959;254,7613831
Table.ReadLatency.lucasdb.iot_data_dt;1511044649;50368154;mean;316,852961;261,262751;219,068304;276,965933;173,213243;313,429803;229,884653;238,015844;258,407673;306,497354;259,3598519;262,9415394
Table.ReadLatency.lucasdb.iot_data_dt;1511044679;50368155;mean;275,064414;245,194005;233,061696;284,546059;195,156813;254,723462;234,760357;223,663815;224,583397;254,674438;242,5428456;243,215698
Table.ReadLatency.lucasdb.iot_data_dt;1511044709;50368156;mean;267,331477;231,809544;227,978339;261,738298;206,178173;273,80111;262,362074;277,596889;247,048385;268,744252;252,4588541;255,1016849
Table.ReadLatency.lucasdb.iot_data_dt;1511044739;50368157;mean;249,233871;214,302381;315,45691;298,945177;198,186043;307,81102;241,358732;252,598884;203,1238;256,833085;253,7849903;253,0258688
Table.ReadLatency.lucasdb.iot_data_dt;1511044769;50368158;mean;303,03806;226,877538;320,09292;438,410965;231,718201;292,039432;227,217354;249,443441;180,808232;248,430421;271,8076564;262,3571709
Table.ReadLatency.lucasdb.iot_data_dt;1511044799;50368159;mean;346,968873;235,085858;234,149241;406,572141;245,348189;338,563612;224,063129;221,370858;257,230461;258,953322;276,8305684;267,5453356
Table.ReadLatency.lucasdb.iot_data_dt;1511044829;50368160;mean;299,619625;236,091175;258,288792;293,997368;360,595014;371,894586;236,313604;228,177664;263,066095;263,983621;281,2027544;276,4944118
Table.ReadLatency.lucasdb.iot_data_dt;1511044859;50368161;mean;258,210468;316,014764;305,60236;308,69414;355,027494;338,913731;236,259734;222,285022;292,18818;262,342541;289,5538434;289,7782398
Table.ReadLatency.lucasdb.iot_data_dt;1511044889;50368162;mean;324,719125;288,798842;411,888222;340,531908;351,639591;261,694764;233,732777;224,215756;269,131333;282,185777;298,8538095;294,0542646
Table.ReadLatency.lucasdb.iot_data_dt;1511044919;50368163;mean;390,381359;284,242677;410,808943;267,792156;374,126106;294,849456;296,028846;271,756757;275,65265;332,17504;319,781399;314,9016114
Table.ReadLatency.lucasdb.iot_data_dt;1511044949;50368164;mean;411,267553;370,576421;435,426754;334,877056;324,742441;397,869701;302,995548;327,249642;347,111558;410,193763;366,2310437;365,4860169
Table.ReadLatency.lucasdb.iot_data_dt;1511044979;50368165;mean;481,087467;469,468269;435,65095;370,961353;327,152208;411,795108;387,781189;325,850525;353,07199;436,042092;399,8861151;398,9903949
Table.ReadLatency.lucasdb.iot_data_dt;1511045009;50368166;mean;439,118771;451,171875;477,087402;326,866051;430,535771;413,151054;433,355463;388,826762;370,521863;475,189581;420,5824593;425,2338925
Table.ReadLatency.lucasdb.iot_data_dt;1511045039;50368167;mean;419,678784;433,772222;616,700654;329,166405;378,028049;363,765127;374,434259;426,850314;363,531996;615,989939;432,1917749;422,0063363
Table.ReadLatency.lucasdb.iot_data_dt;1511045069;50368168;mean;366,104272;362,807121;625,40813;343,462742;420,142193;388,405969;359,500764;334,60039;340,909741;568,583955;410,9925277;393,7395946
Table.ReadLatency.lucasdb.iot_data_dt;1511045099;50368169;mean;359,308987;366,536812;532,177903;318,773305;382,475592;346,062103;361,012599;302,705121;319,3791;411,265102;369,9696624;358,1017
Table.ReadLatency.lucasdb.iot_data_dt;1511045129;50368170;mean;336,730443;359,349456;446,387397;306,060035;404,377661;360,559116;374,384917;304,883973;308,733241;570,307379;377,1773618;362,0727833
Table.ReadLatency.lucasdb.iot_data_dt;1511045159;50368171;mean;315,887548;387,666739;486,347619;332,394039;495,349891;349,997101;376,323021;370,095304;372,384385;479,14912;396,5594767;394,294666
Table.ReadLatency.lucasdb.iot_data_dt;1511045189;50368172;mean;329,197611;366,056575;481,994583;371,66989;419,737624;335,433941;380,744465;377,08349;364,169587;417,539168;384,3626934;379,0543425
Table.ReadLatency.lucasdb.iot_data_dt;1511045219;50368173;mean;320,547162;338,92338;519,618036;348,747399;397,811698;374,135757;342,089181;349,817546;352,739108;397,997043;374,242631;362,782639
Table.ReadLatency.lucasdb.iot_data_dt;1511045249;50368174;mean;363,437528;347,152315;498,554878;352,326585;398,115268;382,546076;349,701514;370,797053;322,191597;365,066981;374,9889795;366,142915
Table.ReadLatency.lucasdb.iot_data_dt;1511045279;50368175;mean;398,923232;382,805559;432,600721;347,645307;405,837505;388,058697;377,717792;469,453123;355,523229;343,111403;390,1676568;386,1390053
Table.ReadLatency.lucasdb.iot_data_dt;1511045309;50368176;mean;309,284351;424,688056;398,391362;335,447179;323,103951;269,580793;381,24166;392,278478;377,082886;341,13903;355,2237746;357,2461121
Table.ReadLatency.lucasdb.iot_data_dt;1511045339;50368177;mean;402,362065;438,365181;427,684949;323,742847;360,28054;325,025098;411,677346;463,584654;366,234169;348,762734;386,7719583;385,0490103
Table.ReadLatency.lucasdb.iot_data_dt;1511045369;50368178;mean;430,565986;444,170761;534,984172;401,228825;386,933514;347,324794;488,341306;527,917225;381,110766;359,734625;430,2311974;427,500376
Table.ReadLatency.lucasdb.iot_data_dt;1511045399;50368179;mean;550,808762;411,365462;524,156277;418,146281;361,084185;288,514763;477,420031;513,552366;427,710594;370,348914;434,3107635;437,9730138
Table.ReadLatency.lucasdb.iot_data_dt;1511045429;50368180;mean;519,818078;357,257612;479,953595;375,24982;347,228561;277,935769;426,166627;534,464379;466,431994;414,515138;419,9021573;423,3276781
Table.ReadLatency.lucasdb.iot_data_dt;1511045459;50368181;mean;529,005437;366,019233;535,876208;388,778055;369,404802;359,523393;444,277131;455,448723;464,99933;352,060623;426,5392935;422,182013
Table.ReadLatency.lucasdb.iot_data_dt;1511045489;50368182;mean;463,278386;370,195955;539,399816;392,072303;438,822808;385,177584;411,882013;462,593832;449,722377;428,461993;434,1607067;429,001412
Table.ReadLatency.lucasdb.iot_data_dt;1511045519;50368183;mean;452,77206;384,037776;587,529631;448,772818;481,931981;391,519923;445,414076;460,882728;411,644508;576,979764;464,1485265;458,7397323
Table.ReadLatency.lucasdb.iot_data_dt;1511045549;50368184;mean;480,768719;504,169252;569,926479;471,58114;372,253126;458,399373;433,82624;491,199454;422,817941;447,61177;465,2553494;463,7967361
Table.ReadLatency.lucasdb.iot_data_dt;1511045579;50368185;mean;527,873802;421,93667;519,077131;716,175536;355,523141;338,539879;547,350034;486,20024;370,483812;490,78507;477,3945315;464,9037375
Table.ReadLatency.lucasdb.iot_data_dt;1511045609;50368186;mean;508,073366;428,793461;498,768481;487,041967;340,752698;351,515754;430,025165;464,589862;392,197235;481,988018;438,3746007;441,8649929
Table.ReadLatency.lucasdb.iot_data_dt;1511045639;50368187;mean;539,683274;488,402368;559,939465;476,972645;382,644908;324,986969;439,870958;402,670017;488,479607;376,959133;448,0609344;449,4603638
Table.ReadLatency.lucasdb.iot_data_dt;1511045669;50368188;mean;440,065554;401,229805;619,015374;471,932733;410,667419;284,616045;498,523859;398,730875;449,327092;384,75014;435,8858896;431,9034346
Table.ReadLatency.lucasdb.iot_data_dt;1511045699;50368189;mean;565,637228;450,752241;620,34502;437,834602;363,25993;308,824675;523,384478;523,463201;525,532685;400,675887;471,9709947;473,8175315
Table.ReadLatency.lucasdb.iot_data_dt;1511045729;50368190;mean;514,906604;420,388626;561,937059;332,845287;363,932202;281,762679;402,028346;479,755516;510,599746;400,459528;426,8615593;428,1144819
Table.ReadLatency.lucasdb.iot_data_dt;1511045759;50368191;mean;411,604436;401,788579;480,44286;337,96868;335,732177;255,524501;359,554682;524,539652;449,263612;476,256494;403,2675673;406,57644
Table.ReadLatency.lucasdb.iot_data_dt;1511045791;50368193;mean;554,77937;416,42774;499,267971;243,810917;440,741623;259,276249;371,972055;408,155012;422,517468;539,581754;415,6530159;419,742484
Table.ReadLatency.lucasdb.iot_data_dt;1511045819;50368193;mean;483,034974;416,42774;499,267971;243,810917;440,741623;259,276249;371,972055;408,155012;422,517468;539,581754;408,4785763;412,6741365
Table.ReadLatency.lucasdb.iot_data_dt;1511045849;50368194;mean;589,1279;379,313485;536,288437;268,904075;417,228628;266,36356;311,317689;433,805739;412,015669;493,951402;410,8316584;406,6031405
Table.ReadLatency.lucasdb.iot_data_dt;1511045879;50368195;mean;513,119492;332,754932;430,164375;296,288903;436,512835;251,208864;427,12852;420,085089;334,839373;482,230429;392,4332812;395,000557
Table.ReadLatency.lucasdb.iot_data_dt;1511045909;50368196;mean;415,415181;391,372164;427,244532;355,961638;415,652155;238,949085;459,984158;414,954155;280,858006;433,187167;383,3578241;391,8306248
Table.ReadLatency.lucasdb.iot_data_dt;1511045939;50368197;mean;506,238942;444,729213;533,674817;300,705997;402,707578;208,208896;541,747056;412,556573;381,440332;423,448889;415,5458293;425,6877926
Table.ReadLatency.lucasdb.iot_data_dt;1511045969;50368198;mean;608,392112;396,367181;699,587681;335,750644;492,981707;256,413367;452,281488;861,988878;369,950334;499,455974;497,3169366;481,8458901
Table.ReadLatency.lucasdb.iot_data_dt;1511045999;50368199;mean;573,995036;324,15856;490,839488;326,910697;597,897603;247,777762;408,914017;624,234193;386,017383;455,242726;443,5987465;445,4969388
Table.ReadLatency.lucasdb.iot_data_dt;1511046029;50368200;mean;427,146878;366,134029;546,831724;482,971966;597,203285;277,050441;396,52279;653,622459;318,361625;397,470897;446,3316094;441,5803993
Table.ReadLatency.lucasdb.iot_data_dt;1511046059;50368201;mean;571,141428;352,695207;505,039452;510,168167;495,488605;257,456529;744,717045;634,139109;328,563254;404,360338;480,3769134;475,199445
Table.ReadLatency.lucasdb.iot_data_dt;1511046089;50368202;mean;590,70977;448,182857;461,611321;498,637166;522,168259;238,963554;734,676647;584,548927;405,1583;362,104106;484,6760907;484,1400883
Table.ReadLatency.lucasdb.iot_data_dt;1511046119;50368203;mean;391,902882;455,185446;436,368147;600,293517;524,46184;350,166399;680,161842;613,344796;353,985006;378,900949;478,4770824;469,3053229
Table.ReadLatency.lucasdb.iot_data_dt;1511046149;50368204;mean;367,950893;433,584124;448,986718;498,502932;462,046426;383,742106;502,680557;391,705412;321,54491;361,531411;417,2275489;418,5062528
Table.ReadLatency.lucasdb.iot_data_dt;1511046179;50368205;mean;315,569945;296,310383;459,248608;456,404293;508,992797;346,04327;502,754176;319,337322;320,578025;538,035252;406,3274071;403,6160545
Table.ReadLatency.lucasdb.iot_data_dt;1511046209;50368206;mean;330,675079;278,405354;283,055466;437,020141;328,979656;197,451564;456,166212;335,133654;239,869893;447,400818;333,4157837;335,0675076
Table.ReadLatency.lucasdb.iot_data_dt;1511046239;50368207;mean;376,271265;294,886058;343,895297;399,898828;236,542866;171,760759;359,497282;319,746408;320,817453;275,661247;309,8977463;315,9147345
Table.ReadLatency.lucasdb.iot_data_dt;1511046269;50368208;mean;464,834121;213,393092;313,57382;411,530097;298,380062;253,802796;269,004114;410,865755;253,724134;224,79043;311,3898421;304,458901
Table.ReadLatency.lucasdb.iot_data_dt;1511046299;50368209;mean;532,434772;246,633464;269,230877;344,996396;322,41628;212,363258;263,318757;347,626691;205,005669;232,767968;297,6794132;279,9192114
Table.ReadLatency.lucasdb.iot_data_dt;1511046329;50368210;mean;472,003896;221,878352;317,793368;295,144043;394,973;224,109074;239,662665;310,784323;188,813555;310,523708;297,5685984;289,3585666
Table.ReadLatency.lucasdb.iot_data_dt;1511046359;50368211;mean;340,138754;195,777719;290,70317;304,877555;357,656145;272,568655;266,790221;329,064911;208,544478;285,783802;285,190541;287,3089433
Table.ReadLatency.lucasdb.iot_data_dt;1511046389;50368212;mean;375,365994;198,475414;240,771447;252,469194;341,935506;231,534681;291,162286;326,211908;194,183696;270,540699;272,2650825;269,1376419
Table.ReadLatency.lucasdb.iot_data_dt;1511046419;50368213;mean;347,933487;175,319933;235,940935;219,163916;337,086335;233,980566;279,662503;275,850733;190,267624;253,106369;254,8312401;253,1323726
Table.ReadLatency.lucasdb.iot_data_dt;1511046449;50368214;mean;313,096476;178,034401;221,109526;209,828484;302,484895;192,478555;226,92454;357,810456;189,35085;283,181384;247,4299567;242,3068388
Table.ReadLatency.lucasdb.iot_data_dt;1511046479;50368215;mean;297,853669;162,490642;208,645318;242,31321;287,731735;188,083915;268,794579;333,730765;196,965414;257,480779;244,4090026;243,4835774
Table.ReadLatency.lucasdb.iot_data_dt;1511046509;50368216;mean;261,86071;160,254231;195,030306;220,878398;266,402251;183,652898;243,496974;255,402994;184,214465;259,083193;223,027642;225,4524923
Table.ReadLatency.lucasdb.iot_data_dt;1511046539;50368217;mean;383,875287;164,384011;197,437447;185,666767;241,527735;166,899966;247,187766;244,484458;194,286652;283,124487;230,8874576;220,0769098
Table.ReadLatency.lucasdb.iot_data_dt;1511046569;50368218;mean;402,053153;178,792706;231,449361;204,653711;238,554438;202,010881;271,183659;408,729417;199,971323;347,045558;268,4444207;262,1152605
Table.ReadLatency.lucasdb.iot_data_dt;1511046599;50368219;mean;372,250455;198,661971;234,495642;297,773975;256,779157;335,563528;257,555419;458,564812;215,303645;332,962663;295,9911267;287,8355605
Table.ReadLatency.lucasdb.iot_data_dt;1511046629;50368220;mean;315,881676;204,404229;237,846692;300,180501;231,108625;321,870372;376,934614;324,763209;218,234009;258,164429;278,9388356;276,0061891
Table.ReadLatency.lucasdb.iot_data_dt;1511046659;50368221;mean;297,244472;197,574735;222,509121;272,880083;273,278983;249,826699;325,412228;288,003214;198,069425;313,815764;263,8614724;264,4534701
Table.ReadLatency.lucasdb.iot_data_dt;1511046689;50368222;mean;304,15453;208,834237;263,230319;259,706893;296,517589;253,229875;350,47532;246,13803;193,246112;279,719696;265,5252601;263,9413961
Table.ReadLatency.lucasdb.iot_data_dt;1511046719;50368223;mean;280,620769;189,252264;258,524368;287,310037;261,817862;251,795422;352,98824;201,331669;191,202337;372,895516;264,7738484;260,698838
Table.ReadLatency.lucasdb.iot_data_dt;1511046749;50368224;mean;454,865861;197,824317;305,13513;338,747197;280,372635;298,659602;437,377382;239,552276;256,261508;359,179127;316,7975035;314,4106071
Table.ReadLatency.lucasdb.iot_data_dt;1511046779;50368225;mean;352,125267;178,092861;314,377436;240,193673;223,261481;268,667529;358,966204;204,573088;191,706676;354,169663;268,6133878;268,6343516
Table.ReadLatency.lucasdb.iot_data_dt;1511046809;50368226;mean;273,290633;174,336263;268,621241;222,747085;233,311423;236,170993;295,058667;203,759807;191,07556;280,558946;237,8930618;238,691961
Table.ReadLatency.lucasdb.iot_data_dt;1511046839;50368227;mean;282,405099;165,146511;274,745805;181,679221;230,550791;202,707012;277,128512;179,216754;210,169203;325,449892;232,91988;229,8252996
Table.ReadLatency.lucasdb.iot_data_dt;1511046869;50368228;mean;224,387225;152,977488;307,869675;168,558117;241,190609;207,527304;209,708422;191,58926;188,188847;386,158401;227,8155348;217,3774324
Table.ReadLatency.lucasdb.iot_data_dt;1511046899;50368229;mean;201,41316;160,740187;281,028954;175,516811;215,129756;195,704761;206,75832;174,105658;187,040192;336,114913;213,3552712;204,5872015
Table.ReadLatency.lucasdb.iot_data_dt;1511046929;50368230;mean;173,348751;177,363957;253,323725;185,873599;214,039952;158,525674;239,353595;182,833675;160,036423;212,322835;195,7022186;193,1465984
Table.ReadLatency.lucasdb.iot_data_dt;1511046959;50368231;mean;173,818231;154,385965;216,660612;178,558321;168,170563;144,900339;212,981875;154,361784;153,610985;246,188732;180,3637407;176,568542
Table.ReadLatency.lucasdb.iot_data_dt;1511046989;50368232;mean;166,542336;168,908118;195,085713;182,303266;152,908432;138,47304;200,485089;156,864253;146,707701;213,006888;172,1284836;171,2256135
Table.ReadLatency.lucasdb.iot_data_dt;1511047026;50368234;mean;201,522272;215,53003;199,781967;174,202759;165,692891;150,481545;299,896904;185,815919;188,640615;207,945065;198,9509967;192,3914398
Table.ReadLatency.lucasdb.iot_data_dt;1511047049;50368234;mean;280,776928;215,53003;199,781967;174,202759;165,692891;150,481545;299,896904;185,815919;188,640615;207,945065;206,8764623;202,2982718
Table.ReadLatency.lucasdb.iot_data_dt;1511047079;50368235;mean;307,119431;199,576516;210,528186;249,008811;162,470156;226,304911;295,870063;279,203281;188,294724;264,986591;238,336267;239,2216354
Table.ReadLatency.lucasdb.iot_data_dt;1511047109;50368236;mean;227,586838;188,475809;234,112628;285,658531;195,225929;273,605268;262,181738;306,643053;220,482327;257,164148;245,1136269;244,5021759
Table.ReadLatency.lucasdb.iot_data_dt;1511047139;50368237;mean;219,559994;186,646648;205,693832;180,900413;178,345982;273,914948;209,207436;156,442386;187,866578;162,232487;196,0810704;191,3066713
Table.ReadLatency.lucasdb.iot_data_dt;1511047169;50368238;mean;174,821811;176,126107;194,313338;186,851633;136,717262;205,820235;188,576494;167,015109;168,496716;158,101393;175,6840098;176,7878251
Table.ReadLatency.lucasdb.iot_data_dt;1511047199;50368239;mean;153,744685;164,878181;202,538102;165,729921;122,089901;161,012763;144,703355;156,349378;163,039819;139,381664;157,3467769;156,1049708
Table.ReadLatency.lucasdb.iot_data_dt;1511047229;50368240;mean;175,374781;174,65573;166,016746;147,776332;120,466034;160,841014;127,831107;145,433107;162,286712;114,942469;149,5624032;150,6633478
Table.ReadLatency.lucasdb.iot_data_dt;1511047259;50368241;mean;181,225181;282,600457;190,887803;233,953082;128,448336;171,126557;161,777773;187,757717;201,894194;209,12705;194,879815;192,2186696
Table.ReadLatency.lucasdb.iot_data_dt;1511047292;50368243;mean;243,518331;353,236162;211,117377;292,087706;195,154549;318,589955;309,672717;368,157114;275,763018;341,811175;290,9108104;293,2245551
Table.ReadLatency.lucasdb.iot_data_dt;1511047319;50368243;mean;372,763293;353,236162;211,117377;292,087706;195,154549;318,589955;309,672717;368,157114;275,763018;341,811175;303,8353066;308,804403
Table.ReadLatency.lucasdb.iot_data_dt;1511047349;50368244;mean;483,220726;395,11813;216,118517;312,275855;271,924459;249,285626;343,044197;364,314941;310,101797;357,813597;330,3217845;325,4848253
Table.ReadLatency.lucasdb.iot_data_dt;1511047379;50368245;mean;490,271033;344,211095;213,215279;442,4872;265,519386;317,009703;441,480292;438,968546;457,65427;337,694326;374,851113;380,6281023
Table.ReadLatency.lucasdb.iot_data_dt;1511047409;50368246;mean;498,205412;356,77054;236,693413;453,204072;294,223177;354,82482;479,969755;414,203282;415,780257;401,906708;390,5781436;396,3603264
Table.ReadLatency.lucasdb.iot_data_dt;1511047439;50368247;mean;473,10806;388,266968;277,051214;415,343987;372,367292;360,451362;506,434456;463,812937;431,371267;353,430177;404,163772;407,2690063
Table.ReadLatency.lucasdb.iot_data_dt;1511047469;50368248;mean;536,3344;383,396428;273,807223;478,162889;412,063295;375,078208;448,471546;527,022284;650,840563;507,049913;459,2226749;458,4473704
Table.ReadLatency.lucasdb.iot_data_dt;1511047499;50368249;mean;515,919218;413,426512;267,624563;506,471409;418,159579;390,210048;395,10998;516,698789;522,949215;498,200535;444,4769848;456,7745088
Table.ReadLatency.lucasdb.iot_data_dt;1511047529;50368250;mean;508,065667;408,724813;228,373443;548,672742;476,809973;394,152364;429,410746;498,333139;555,73641;476,816248;452,5095545;467,6232115
Table.ReadLatency.lucasdb.iot_data_dt;1511047560;50368252;mean;508,780175;702,98199;260,451494;413,542102;527,40807;534,42934;429,504482;580,367137;444,317485;448,292025;485,00743;485,830102
Table.ReadLatency.lucasdb.iot_data_dt;1511047589;50368252;mean;456,938327;702,98199;260,451494;413,542102;527,40807;534,42934;429,504482;580,367137;444,317485;448,292025;479,8232452;479,349871
Table.ReadLatency.lucasdb.iot_data_dt;1511047619;50368253;mean;421,305254;660,252739;278,637685;400,734389;497,921731;493,89863;448,266474;538,24929;394,969708;443,376067;457,7611967;454,8401929
Table.ReadLatency.lucasdb.iot_data_dt;1511047649;50368254;mean;492,819945;675,103959;332,498207;523,726087;518,740572;395,046606;475,27711;468,493287;474,133525;446,187034;480,2026332;474,3030208
Table.ReadLatency.lucasdb.iot_data_dt;1511047679;50368255;mean;424,90022;602,843741;308,337367;420,815182;513,902639;674,635596;408,090887;464,577443;462,708058;430,686066;471,1497199;466,0655295
Table.ReadLatency.lucasdb.iot_data_dt;1511047709;50368256;mean;473,072563;511,800253;288,432404;451,211271;419,227632;611,263384;514,432316;450,81972;398,57223;390,977699;450,9809472;451,2642105
Table.ReadLatency.lucasdb.iot_data_dt;1511047740;50368258;mean;457,367018;518,057359;397,905513;413,316534;479,547926;599,52387;526,097554;565,027821;422,360798;370,050334;474,9254727;472,4600654
Table.ReadLatency.lucasdb.iot_data_dt;1511047769;50368258;mean;465,047241;518,057359;397,905513;413,316534;479,547926;599,52387;526,097554;565,027821;422,360798;370,050334;475,693495;473,4200933
Table.ReadLatency.lucasdb.iot_data_dt;1511047799;50368259;mean;441,766172;615,667677;364,797814;455,344947;434,235412;545,896695;562,193778;556,148852;470,306222;400,026573;484,6384142;483,2398314
Table.ReadLatency.lucasdb.iot_data_dt;1511047829;50368260;mean;482,80944;572,104638;352,880657;420,418483;465,029088;575,105987;496,721298;522,435776;436,29327;350,813742;467,4612379;468,5865813
Table.ReadLatency.lucasdb.iot_data_dt;1511047859;50368261;mean;583,890421;564,551263;361,79251;570,64929;474,761024;548,617648;471,074259;563,323942;470,847782;458,438166;506,7946305;515,2829218
Table.ReadLatency.lucasdb.iot_data_dt;1511047889;50368262;mean;624,640934;580,173939;312,52079;555,817574;452,64648;566,256933;526,160224;623,020109;467,881791;492,891921;520,2010695;533,1061214
Table.ReadLatency.lucasdb.iot_data_dt;1511047919;50368263;mean;602,146854;668,955716;308,230767;645,887498;498,02642;588,419362;627,425303;614,749677;475,646981;481,205205;551,0693783;566,6884125
Table.ReadLatency.lucasdb.iot_data_dt;1511047949;50368264;mean;582,481287;682,67753;289,592049;651,561106;559,206038;644,9172;513,040099;511,990709;420,656528;634,305182;549,0427728;564,7697686
Table.ReadLatency.lucasdb.iot_data_dt;1511047979;50368265;mean;553,567907;665,959993;266,686724;515,98762;495,733305;636,079978;535,628529;606,397072;436,767343;730,416105;544,3224576;555,7652184
Table.ReadLatency.lucasdb.iot_data_dt;1511048009;50368266;mean;462,89559;542,722364;247,174737;471,663263;530,131837;630,780483;594,415142;691,553036;461,954177;513,858417;514,7149046;526,0526591
Table.ReadLatency.lucasdb.iot_data_dt;1511048039;50368267;mean;557,638691;488,630301;230,233289;530,412155;415,513748;614,584922;553,557169;750,730061;421,989214;513,676451;507,6966001;512,0003314
Table.ReadLatency.lucasdb.iot_data_dt;1511048069;50368268;mean;518,919356;482,537306;205,963003;446,009239;307,963611;574,635313;478,910976;568,275584;411,112279;416,207319;441,0533986;453,7419588
Table.ReadLatency.lucasdb.iot_data_dt;1511048099;50368269;mean;290,735357;398,676401;280,889929;408,057994;312,76579;522,85186;336,692489;469,997228;389,012951;302,601455;371,2281454;363,5674581
Table.ReadLatency.lucasdb.iot_data_dt;1511048129;50368270;mean;288,304883;366,684824;195,20772;373,383869;221,508894;412,806514;251,86889;357,721869;319,821052;180,787581;296,8096096;296,8127501
Table.ReadLatency.lucasdb.iot_data_dt;1511048159;50368271;mean;226,41801;223,259811;175,099267;286,048853;188,315714;324,881617;198,67507;338,876378;288,266745;186,588158;243,6429623;240,3067473
Table.ReadLatency.lucasdb.iot_data_dt;1511048189;50368272;mean;246,337163;194,734025;162,917931;205,023772;153,876212;289,446059;151,198825;256,080391;251,895356;166,449407;207,7959141;204,6642821
Table.ReadLatency.lucasdb.iot_data_dt;1511048219;50368273;mean;200,508214;166,579837;104,829211;156,107949;137,926716;274,344116;132,378592;207,692689;209,396656;115,784442;170,5548422;165,7968869
Table.ReadLatency.lucasdb.iot_data_dt;1511048249;50368274;mean;165,507302;119,35728;88,619371;182,797369;119,196938;236,45375;129,103474;166,711193;203,278747;93,3127;150,4338124;147,4081254
Table.ReadLatency.lucasdb.iot_data_dt;1511048279;50368275;mean;167,042985;109,480388;86,67873;168,136339;101,067687;203,471326;105,056324;166,148349;179,903995;84,586625;137,1572748;135,4393496
Table.ReadLatency.lucasdb.iot_data_dt;1511048309;50368276;mean;216,113522;103,657389;94,151466;169,540218;106,706905;198,245128;128,713481;169,495215;178,828691;76,171372;144,1623387;143,6673116
Table.ReadLatency.lucasdb.iot_data_dt;1511048339;50368277;mean;193,874688;105,158322;149,661397;145,831653;123,766068;200,61937;123,24857;198,741194;200,813411;103,724406;154,5439079;155,1126578
Table.ReadLatency.lucasdb.iot_data_dt;1511048369;50368278;mean;150,172514;157,762858;175,411019;217,215822;115,699882;209,078093;146,303196;253,205115;387,518301;106,697219;191,9064019;178,1060624
Table.ReadLatency.lucasdb.iot_data_dt;1511048399;50368279;mean;135,91636;147,805575;120,874012;240,018136;108,174709;234,302333;147,242517;251,814231;282,903352;105,485996;177,4537221;173,2684841
Table.ReadLatency.lucasdb.iot_data_dt;1511048429;50368280;mean;165,969377;166,428211;115,883097;259,175836;112,227162;259,790951;120,012131;216,501814;239,932916;122,308999;177,8230494;175,7765476
Table.ReadLatency.lucasdb.iot_data_dt;1511048459;50368281;mean;184,214768;126,222109;97,733352;246,377679;105,640804;223,682385;101,376437;201,730717;228,107428;110,359235;162,5444914;160,1667354
Table.ReadLatency.lucasdb.iot_data_dt;1511048489;50368282;mean;136,903713;138,249276;90,077477;184,407452;99,934088;206,224144;89,709144;192,317677;177,663477;96,465329;141,1951777;139,5023111
Table.ReadLatency.lucasdb.iot_data_dt;1511048519;50368283;mean;116,498859;173,399885;101,150453;156,827867;90,762678;168,367047;98,654486;196,0944;156,616255;92,564701;135,0936631;133,0099441
Table.ReadLatency.lucasdb.iot_data_dt;1511048549;50368284;mean;103,423357;136,776267;110,937955;111,507392;124,489719;150,179824;94,49212;157,664429;130,750505;79,264903;119,9486471;120,3196424
Table.ReadLatency.lucasdb.iot_data_dt;1511048579;50368285;mean;102,782427;105,011882;109,647259;105,895723;116,664165;159,410691;100,026666;116,133136;113,935844;72,556679;110,2064472;108,7621378
Table.ReadLatency.lucasdb.iot_data_dt;1511048609;50368286;mean;97,372196;110,334618;116,575473;112,724606;103,564266;199,349838;105,147111;152,535366;190,172381;75,728393;126,3504248;123,5532521
Table.ReadLatency.lucasdb.iot_data_dt;1511048639;50368287;mean;92,746772;102,037437;112,149311;117,657706;99,244523;200,366279;99,130065;139,409892;189,449854;82,127309;123,4319148;118,978195
Table.ReadLatency.lucasdb.iot_data_dt;1511048669;50368288;mean;117,839138;98,448619;99,509237;111,170451;79,216264;204,925402;95,000223;145,841456;178,998935;94,761783;122,5711508;117,6962303
Table.ReadLatency.lucasdb.iot_data_dt;1511048699;50368289;mean;107,776484;82,52665;114,55193;105,66347;84,432494;246,396252;100,395763;160,123816;184,252536;103,819458;128,9938853;120,1269939
Table.ReadLatency.lucasdb.iot_data_dt;1511048729;50368290;mean;121,941388;98,349111;97,538584;116,337829;83,4944;211,408013;100,213969;153,397896;183,202844;106,209769;127,2093803;122,1489238
Table.ReadLatency.lucasdb.iot_data_dt;1511048759;50368291;mean;289,334514;124,167539;92,940223;168,450507;96,704359;224,075503;129,413491;190,754242;196,490299;112,367684;162,4698361;155,302953
Table.ReadLatency.lucasdb.iot_data_dt;1511048789;50368292;mean;258,527636;151,565927;138,043993;244,209622;99,780163;316,999076;135,701724;273,575802;301,75624;158,321271;207,8481454;207,7127769
Table.ReadLatency.lucasdb.iot_data_dt;1511048819;50368293;mean;186,002486;141,179772;154,729;258,631735;109,94294;401,223137;126,584824;274,963868;318,467638;222,199551;219,3924951;210,3448593
Table.ReadLatency.lucasdb.iot_data_dt;1511048849;50368294;mean;194,936743;124,211591;150,172374;264,345962;107,181486;383,390153;148,195202;226,568925;305,069055;188,921117;209,2992608;200,3026211
Table.ReadLatency.lucasdb.iot_data_dt;1511048879;50368295;mean;170,63406;117,207045;116,834456;169,341236;132,239248;322,022033;149,672702;269,520767;270,226509;167,630402;188,5328458;180,8089961
Table.ReadLatency.lucasdb.iot_data_dt;1511048909;50368296;mean;152,008439;120,007148;124,299368;154,895115;129,594373;244,066154;139,178781;237,655382;276,228733;149,357355;172,7290848;166,3818709
Table.ReadLatency.lucasdb.iot_data_dt;1511048939;50368297;mean;150,382399;121,747337;122,479626;138,151296;151,71146;262,70479;139,302023;214,977335;258,271502;136,695282;169,642305;163,9963654
Table.ReadLatency.lucasdb.iot_data_dt;1511048969;50368298;mean;147,805884;120,337736;127,645358;137,569712;152,493485;243,08098;144,696373;200,050641;287,123507;100,565277;166,1368953;159,2100211
Table.ReadLatency.lucasdb.iot_data_dt;1511048999;50368299;mean;171,490879;121,966034;124,160283;122,764836;144,27831;222,915114;127,204433;177,049863;237,541792;111,785823;156,1157367;151,478719
Table.ReadLatency.lucasdb.iot_data_dt;1511049035;50368301;mean;167,598667;162,608619;127,668024;158,152368;140,479959;248,383623;154,80184;236,620845;287,379551;172,401633;185,6095129;180,1309443
Table.ReadLatency.lucasdb.iot_data_dt;1511049059;50368301;mean;373,895742;162,608619;127,668024;158,152368;140,479959;248,383623;154,80184;236,620845;287,379551;172,401633;206,2392204;195,1035548
Table.ReadLatency.lucasdb.iot_data_dt;1511049094;50368303;mean;457,092911;233,117732;236,294535;220,441731;203,760756;373,784474;462,787208;319,668388;218,797836;209,064408;293,4809979;283,5327519
Table.ReadLatency.lucasdb.iot_data_dt;1511049119;50368303;mean;452,352566;233,117732;236,294535;220,441731;203,760756;373,784474;462,787208;319,668388;218,797836;209,064408;293,0069634;282,9402088
Table.ReadLatency.lucasdb.iot_data_dt;1511049149;50368304;mean;533,281537;251,355421;409,434482;235,24297;293,474046;314,000346;454,48575;344,473016;212,658295;170,417433;321,8823296;314,3905408
Table.ReadLatency.lucasdb.iot_data_dt;1511049179;50368305;mean;472,912921;214,34932;543,760897;439,988318;316,049067;467,341631;441,729311;425,889199;228,66622;174,479462;372,5166346;375,8657484
Table.ReadLatency.lucasdb.iot_data_dt;1511049209;50368306;mean;617,221371;185,453491;338,658093;290,7268;277,183857;334,635515;451,1406;396,429139;236,319752;160,012991;328,7781609;313,8184059
Table.ReadLatency.lucasdb.iot_data_dt;1511049239;50368307;mean;378,501097;180,624397;417,891714;238,436936;224,425429;340,612494;262,656996;299,991172;226,523302;130,386341;270,0049878;268,9714779
Table.ReadLatency.lucasdb.iot_data_dt;1511049269;50368308;mean;324,957892;183,701303;334,73871;209,293536;174,575018;305,301656;176,044274;246,253583;218,563431;135,015225;230,8444628;229,8363366
Table.ReadLatency.lucasdb.iot_data_dt;1511049299;50368309;mean;192,237224;158,141484;230,603859;185,108177;147,476128;255,061468;190,093468;234,289462;220,816105;123,834185;193,766156;194,8457384
Table.ReadLatency.lucasdb.iot_data_dt;1511049329;50368310;mean;203,887676;153,214831;203,304194;168,255593;146,435099;271,365115;167,09096;236,454459;247,794816;113,817638;191,1620381;190,8047035
Table.ReadLatency.lucasdb.iot_data_dt;1511049359;50368311;mean;205,868606;148,787282;171,486438;141,217133;139,829342;258,749398;153,704632;238,418639;238,715617;110,398055;180,7175142;179,7534611
Table.ReadLatency.lucasdb.iot_data_dt;1511049389;50368312;mean;181,469994;139,232936;168,504305;140,882934;141,943725;248,923207;137,303708;213,043718;221,835912;117,974076;171,1114515;168,027154
Table.ReadLatency.lucasdb.iot_data_dt;1511049419;50368313;mean;211,828739;143,280856;161,861472;152,827863;126,36533;244,418707;142,934569;223,321868;208,150355;116,381325;173,1371084;171,3213815
Table.ReadLatency.lucasdb.iot_data_dt;1511049449;50368314;mean;258,245027;152,616037;151,655298;156,806679;130,523835;239,867313;189,199092;242,854988;220,115166;135,781714;187,7665149;186,1120359
Table.ReadLatency.lucasdb.iot_data_dt;1511049479;50368315;mean;247,195056;191,417906;145,118078;166,400658;168,470795;306,358856;232,797103;367,082817;251,664153;179,3744;225,5879822;217,9598659
Table.ReadLatency.lucasdb.iot_data_dt;1511049509;50368316;mean;244,090823;164,551066;223,665326;252,416125;169,910561;316,291833;263,233909;374,704609;361,948061;256,379548;262,7191861;260,9920233
Table.ReadLatency.lucasdb.iot_data_dt;1511049539;50368317;mean;253,617842;164,661738;203,580798;215,42588;176,080562;370,649159;179,389815;343,935553;295,961912;188,460082;239,1763341;232,0565555
Table.ReadLatency.lucasdb.iot_data_dt;1511049569;50368318;mean;245,643688;166,511344;147,251191;202,781759;172,625918;369,900054;186,720167;355,870229;284,383577;157,184674;228,8872601;221,4651695
Table.ReadLatency.lucasdb.iot_data_dt;1511049599;50368319;mean;203,804696;166,468119;162,944246;200,147524;155,196004;301,989473;161,538041;252,155148;258,632945;134,417801;199,7293997;195,1108404
Table.ReadLatency.lucasdb.iot_data_dt;1511049629;50368320;mean;207,671741;188,233799;149,6043;201,223438;156,791741;283,142593;152,834123;228,081521;228,921751;129,3895;192,5894507;189,1703018
Table.ReadLatency.lucasdb.iot_data_dt;1511049659;50368321;mean;252,109082;261,099128;175,067449;237,910807;172,40155;320,817456;198,89057;281,300867;274,882213;188,074295;236,2553417;233,6668014
Table.ReadLatency.lucasdb.iot_data_dt;1511049689;50368322;mean;246,637876;331,232619;263,875142;280,382711;162,795164;364,394157;227,883877;329,997861;553,209292;217,419679;297,7828378;282,7279903
Table.ReadLatency.lucasdb.iot_data_dt;1511049719;50368323;mean;248,276819;317,730766;292,962056;322,668078;258,001225;574,330199;270,312966;385,741526;653,707419;226,377272;355,0108326;333,7529544
Table.ReadLatency.lucasdb.iot_data_dt;1511049749;50368324;mean;672,221329;335,511955;386,942744;341,677097;292,465205;588,711222;288,739703;386,262303;522,691536;299,405677;411,4628771;394,2084674
Table.ReadLatency.lucasdb.iot_data_dt;1511049781;50368326;mean;672,916894;491,35445;551,032785;380,690495;352,704506;646,448299;636,426497;471,584106;533,733644;319,85242;505,6744096;507,9968478
Table.ReadLatency.lucasdb.iot_data_dt;1511049809;50368326;mean;664,060869;491,35445;551,032785;380,690495;352,704506;646,448299;636,426497;471,584106;533,733644;319,85242;504,7888071;507,9968478
Table.ReadLatency.lucasdb.iot_data_dt;1511049839;50368327;mean;641,5875;453,740147;488,059121;450,080357;382,678121;584,280801;668,63799;733,533471;575,921314;367,245415;534,5764237;530,6231689
Table.ReadLatency.lucasdb.iot_data_dt;1511049869;50368328;mean;662,468294;358,881585;450,09948;421,123953;355,805421;580,520684;522,986499;734,382209;585,224033;405,864551;507,7356709;498,3961349
Table.ReadLatency.lucasdb.iot_data_dt;1511049899;50368329;mean;628,85062;437,042604;393,767985;725,528649;431,969451;578,634837;497,289858;551,684138;549,94449;381,693297;517,6405929;508,6479979
Table.ReadLatency.lucasdb.iot_data_dt;1511049929;50368330;mean;572,616556;436,499253;391,32986;643,275646;502,79876;619,491415;447,63124;625,103581;606,096284;511,415674;535,6258269;540,2065954
Table.ReadLatency.lucasdb.iot_data_dt;1511049959;50368331;mean;578,749351;485,300854;385,450535;605,146112;452,821127;573,162066;471,773079;755,708625;518,912121;657,861222;548,4885092;542,9657415
Table.ReadLatency.lucasdb.iot_data_dt;1511049989;50368332;mean;518,052651;513,201998;370,005323;579,501852;555,76683;670,509578;485,674235;685,234691;554,158755;618,423977;555,052989;561,9112345
Table.ReadLatency.lucasdb.iot_data_dt;1511050019;50368333;mean;566,077441;518,81775;400,426244;503,393991;576,537801;593,698289;496,159248;765,308823;561,907751;526,756702;550,908404;542,9186216
Table.ReadLatency.lucasdb.iot_data_dt;1511050049;50368334;mean;533,735226;478,300657;409,405348;418,746179;458,048578;597,852384;824,884169;758,616182;660,662816;583,483285;572,3734824;561,1806634
Table.ReadLatency.lucasdb.iot_data_dt;1511050079;50368335;mean;526,976474;455,907693;412,959618;384,520305;479,961803;571,922793;709,591928;704,137411;651,713542;563,575941;546,1267508;545,8944094
Table.ReadLatency.lucasdb.iot_data_dt;1511050109;50368336;mean;796,48328;461,248906;610,337902;417,023808;471,616301;600,787889;598,597267;895,715937;590,391964;593,268752;603,5472006;590,3415326
Table.ReadLatency.lucasdb.iot_data_dt;1511050139;50368337;mean;705,988738;432,070858;568,632883;348,87742;801,810915;539,184837;572,203493;802,519388;563,987787;511,138307;584,6414626;586,8772273
Table.ReadLatency.lucasdb.iot_data_dt;1511050169;50368338;mean;653,939381;596,444783;577,146922;342,800001;731,262802;469,530903;395,977871;560,135878;589,629113;650,037495;556,6905149;561,6052933
Table.ReadLatency.lucasdb.iot_data_dt;1511050199;50368339;mean;560,705083;539,033557;562,318373;403,32765;570,460588;423,407813;540,293035;517,730899;569,805018;550,963275;523,8045291;533,0321316
Table.ReadLatency.lucasdb.iot_data_dt;1511050229;50368340;mean;706,520833;512,609802;465,306837;394,452783;504,807365;389,621923;547,979456;617,149112;593,86413;656,202745;538,8514986;536,5465288
Table.ReadLatency.lucasdb.iot_data_dt;1511050259;50368341;mean;750,738915;512,466573;485,953706;345,334083;486,222849;458,263121;459,898075;487,016485;569,695589;576,182498;513,1771894;504,462362
Table.ReadLatency.lucasdb.iot_data_dt;1511050289;50368342;mean;721,158768;440,725229;542,198735;483,857804;457,976112;434,957312;514,680305;463,002036;555,606612;699,597231;531,3760144;519,705508
Table.ReadLatency.lucasdb.iot_data_dt;1511050319;50368343;mean;688,446272;385,704722;560,410939;505,296117;539,909313;458,101685;511,785155;456,147879;591,630774;688,733659;538,6166515;538,9660168
Table.ReadLatency.lucasdb.iot_data_dt;1511050349;50368344;mean;831,450809;351,04785;571,374857;542,838039;502,440219;469,482649;500,97429;496,170652;605,854849;603,446597;547,5080811;536,572769
Table.ReadLatency.lucasdb.iot_data_dt;1511050379;50368345;mean;612,563783;341,575533;555,1046;499,396321;500,565615;430,588197;539,242824;530,131133;500,572776;621,404758;513,114554;521,0206561
Table.ReadLatency.lucasdb.iot_data_dt;1511050409;50368346;mean;546,634037;302,248115;453,109139;428,268088;528,431441;423,169233;481,93711;393,775546;398,434907;492,227838;444,8235454;449,9191628
