metric	timestamp	ts_join	type	rt1_value	rt2_value	rt3_value	rt4_value	rt5_value	rt6_value	rt7_value	rt8_value	rt9_value	rt10_value
Table.ReadLatency.lucasdb.tw_ttl_1h_20min	1511139869	50371328	p50	0.051012	0.042510	0.029521	0.035425	0.024601	0.035425	0.035425	0.035425	0.035425	0.035425
Table.ReadLatency.lucasdb.tw_ttl_1h_20min	1511139899	50371329	p50	0.061214	0.051012	0.042510	0.035425	0.042510	0.051012	0.042510	0.042510	0.042510	0.042510
Table.ReadLatency.lucasdb.tw_ttl_1h_20min	1511139929	50371330	p50	0.061214	0.051012	0.042510	0.042510	0.042510	0.051012	0.042510	0.042510	0.042510	0.042510
Table.ReadLatency.lucasdb.tw_ttl_1h_20min	1511139959	50371331	p50	0.061214	0.061214	0.051012	0.051012	0.051012	0.051012	0.051012	0.051012	0.051012	0.042510
Table.ReadLatency.lucasdb.tw_ttl_1h_20min	1511139989	50371332	p50	0.061214	0.061214	0.051012	0.051012	0.051012	0.051012	0.051012	0.051012	0.051012	0.042510
Table.ReadLatency.lucasdb.tw_ttl_1h_20min	1511140019	50371333	p50	0.061214	0.061214	0.051012	0.051012	0.051012	0.051012	0.051012	0.051012	0.051012	0.042510
Table.ReadLatency.lucasdb.tw_ttl_1h_20min	1511140049	50371334	p50	0.061214	0.061214	0.051012	0.051012	0.051012	0.051012	0.051012	0.051012	0.051012	0.042510
Table.ReadLatency.lucasdb.tw_ttl_1h_20min	1511140079	50371335	p50	0.061214	0.061214	0.061214	0.051012	0.051012	0.051012	0.051012	0.051012	0.051012	0.042510
Table.ReadLatency.lucasdb.tw_ttl_1h_20min	1511140109	50371336	p50	0.061214	0.061214	0.051012	0.051012	0.051012	0.051012	0.051012	0.051012	0.061214	0.042510
Table.ReadLatency.lucasdb.tw_ttl_1h_20min	1511140139	50371337	p50	0.061214	0.061214	0.051012	0.051012	0.051012	0.051012	0.051012	0.051012	0.051012	0.051012
Table.ReadLatency.lucasdb.tw_ttl_1h_20min	1511140169	50371338	p50	0.061214	0.061214	0.051012	0.051012	0.051012	0.051012	0.051012	0.051012	0.051012	0.051012
Table.ReadLatency.lucasdb.tw_ttl_1h_20min	1511140199	50371339	p50	0.061214	0.061214	0.051012	0.051012	0.051012	0.051012	0.051012	0.051012	0.051012	0.042510
Table.ReadLatency.lucasdb.tw_ttl_1h_20min	1511140229	50371340	p50	0.061214	0.061214	0.051012	0.051012	0.051012	0.051012	0.051012	0.051012	0.051012	0.051012
Table.ReadLatency.lucasdb.tw_ttl_1h_20min	1511140259	50371341	p50	0.061214	0.061214	0.051012	0.051012	0.051012	0.051012	0.051012	0.051012	0.051012	0.042510
Table.ReadLatency.lucasdb.tw_ttl_1h_20min	1511140289	50371342	p50	0.061214	0.061214	0.061214	0.051012	0.051012	0.051012	0.051012	0.051012	0.061214	0.042510
Table.ReadLatency.lucasdb.tw_ttl_1h_20min	1511140319	50371343	p50	0.061214	0.061214	0.061214	0.051012	0.051012	0.051012	0.061214	0.051012	0.051012	0.042510
Table.ReadLatency.lucasdb.tw_ttl_1h_20min	1511140349	50371344	p50	0.061214	0.061214	0.061214	0.051012	0.051012	0.051012	0.061214	0.051012	0.061214	0.051012
Table.ReadLatency.lucasdb.tw_ttl_1h_20min	1511140379	50371345	p50	0.061214	0.061214	0.051012	0.061214	0.061214	0.051012	0.061214	0.051012	0.061214	0.051012
Table.ReadLatency.lucasdb.tw_ttl_1h_20min	1511140409	50371346	p50	0.061214	0.061214	0.051012	0.061214	0.061214	0.061214	0.061214	0.051012	0.061214	0.051012
Table.ReadLatency.lucasdb.tw_ttl_1h_20min	1511140439	50371347	p50	0.061214	0.061214	0.061214	0.061214	0.061214	0.061214	0.061214	0.051012	0.061214	0.051012
Table.ReadLatency.lucasdb.tw_ttl_1h_20min	1511140469	50371348	p50	0.061214	0.061214	0.061214	0.061214	0.061214	0.061214	0.061214	0.051012	0.061214	0.051012
Table.ReadLatency.lucasdb.tw_ttl_1h_20min	1511140499	50371349	p50	0.061214	0.061214	0.061214	0.061214	0.061214	0.061214	0.061214	0.061214	0.061214	0.051012
Table.ReadLatency.lucasdb.tw_ttl_1h_20min	1511140529	50371350	p50	0.061214	0.061214	0.061214	0.061214	0.061214	0.061214	0.061214	0.061214	0.061214	0.051012
Table.ReadLatency.lucasdb.tw_ttl_1h_20min	1511140559	50371351	p50	0.061214	0.061214	0.061214	0.061214	0.061214	0.061214	0.061214	0.061214	0.061214	0.051012
Table.ReadLatency.lucasdb.tw_ttl_1h_20min	1511140589	50371352	p50	0.061214	0.061214	0.061214	0.061214	0.061214	0.061214	0.061214	0.061214	0.061214	0.051012
Table.ReadLatency.lucasdb.tw_ttl_1h_20min	1511140619	50371353	p50	0.061214	0.061214	0.061214	0.061214	0.061214	0.061214	0.061214	0.061214	0.061214	0.051012
Table.ReadLatency.lucasdb.tw_ttl_1h_20min	1511140649	50371354	p50	0.061214	0.061214	0.061214	0.061214	0.061214	0.061214	0.061214	0.061214	0.061214	0.051012
Table.ReadLatency.lucasdb.tw_ttl_1h_20min	1511140679	50371355	p50	0.061214	0.061214	0.061214	0.061214	0.061214	0.061214	0.061214	0.061214	0.061214	0.051012
Table.ReadLatency.lucasdb.tw_ttl_1h_20min	1511140709	50371356	p50	0.073457	0.073457	0.061214	0.061214	0.061214	0.061214	0.061214	0.061214	0.061214	0.051012
Table.ReadLatency.lucasdb.tw_ttl_1h_20min	1511140739	50371357	p50	0.073457	0.073457	0.061214	0.061214	0.061214	0.061214	0.061214	0.061214	0.061214	0.051012
Table.ReadLatency.lucasdb.tw_ttl_1h_20min	1511140769	50371358	p50	0.073457	0.073457	0.061214	0.061214	0.061214	0.061214	0.061214	0.061214	0.061214	0.051012
Table.ReadLatency.lucasdb.tw_ttl_1h_20min	1511140799	50371359	p50	0.073457	0.073457	0.061214	0.061214	0.061214	0.061214	0.061214	0.061214	0.061214	0.051012
Table.ReadLatency.lucasdb.tw_ttl_1h_20min	1511140829	50371360	p50	0.073457	0.073457	0.061214	0.061214	0.061214	0.061214	0.061214	0.061214	0.061214	0.051012
Table.ReadLatency.lucasdb.tw_ttl_1h_20min	1511140859	50371361	p50	0.073457	0.061214	0.061214	0.061214	0.061214	0.061214	0.061214	0.061214	0.061214	0.051012
Table.ReadLatency.lucasdb.tw_ttl_1h_20min	1511140889	50371362	p50	0.073457	0.061214	0.061214	0.061214	0.061214	0.061214	0.061214	0.061214	0.061214	0.051012
Table.ReadLatency.lucasdb.tw_ttl_1h_20min	1511140919	50371363	p50	0.073457	0.061214	0.061214	0.061214	0.061214	0.061214	0.061214	0.061214	0.061214	0.051012
Table.ReadLatency.lucasdb.tw_ttl_1h_20min	1511140949	50371364	p50	0.073457	0.061214	0.061214	0.051012	0.061214	0.061214	0.061214	0.061214	0.061214	0.051012
Table.ReadLatency.lucasdb.tw_ttl_1h_20min	1511140979	50371365	p50	0.073457	0.073457	0.061214	0.061214	0.061214	0.061214	0.061214	0.061214	0.061214	0.051012
Table.ReadLatency.lucasdb.tw_ttl_1h_20min	1511141009	50371366	p50	0.073457	0.073457	0.061214	0.061214	0.061214	0.051012	0.061214	0.061214	0.061214	0.051012
Table.ReadLatency.lucasdb.tw_ttl_1h_20min	1511141039	50371367	p50	0.073457	0.073457	0.061214	0.061214	0.061214	0.051012	0.061214	0.061214	0.061214	0.051012
Table.ReadLatency.lucasdb.tw_ttl_1h_20min	1511141069	50371368	p50	0.073457	0.073457	0.061214	0.061214	0.061214	0.051012	0.061214	0.061214	0.061214	0.051012
Table.ReadLatency.lucasdb.tw_ttl_1h_20min	1511141099	50371369	p50	0.073457	0.073457	0.061214	0.061214	0.061214	0.061214	0.061214	0.061214	0.061214	0.051012
Table.ReadLatency.lucasdb.tw_ttl_1h_20min	1511141129	50371370	p50	0.073457	0.073457	0.061214	0.061214	0.061214	0.061214	0.061214	0.061214	0.061214	0.051012
Table.ReadLatency.lucasdb.tw_ttl_1h_20min	1511141159	50371371	p50	0.073457	0.073457	0.073457	0.061214	0.073457	0.061214	0.061214	0.061214	0.061214	0.051012
Table.ReadLatency.lucasdb.tw_ttl_1h_20min	1511141189	50371372	p50	0.073457	0.073457	0.073457	0.061214	0.073457	0.061214	0.061214	0.061214	0.061214	0.051012
Table.ReadLatency.lucasdb.tw_ttl_1h_20min	1511141219	50371373	p50	0.073457	0.073457	0.073457	0.061214	0.073457	0.061214	0.061214	0.061214	0.061214	0.051012
Table.ReadLatency.lucasdb.tw_ttl_1h_20min	1511141249	50371374	p50	0.073457	0.073457	0.073457	0.061214	0.073457	0.061214	0.061214	0.073457	0.061214	0.051012
Table.ReadLatency.lucasdb.tw_ttl_1h_20min	1511141279	50371375	p50	0.073457	0.073457	0.061214	0.061214	0.073457	0.061214	0.061214	0.073457	0.061214	0.051012
Table.ReadLatency.lucasdb.tw_ttl_1h_20min	1511141309	50371376	p50	0.073457	0.073457	0.061214	0.061214	0.073457	0.061214	0.061214	0.073457	0.061214	0.051012
Table.ReadLatency.lucasdb.tw_ttl_1h_20min	1511141339	50371377	p50	0.073457	0.073457	0.061214	0.061214	0.073457	0.061214	0.061214	0.061214	0.061214	0.051012
Table.ReadLatency.lucasdb.tw_ttl_1h_20min	1511141369	50371378	p50	0.073457	0.073457	0.061214	0.061214	0.073457	0.061214	0.061214	0.061214	0.061214	0.051012
Table.ReadLatency.lucasdb.tw_ttl_1h_20min	1511141399	50371379	p50	0.073457	0.073457	0.073457	0.061214	0.073457	0.061214	0.061214	0.061214	0.061214	0.051012
Table.ReadLatency.lucasdb.tw_ttl_1h_20min	1511141429	50371380	p50	0.073457	0.073457	0.061214	0.061214	0.073457	0.061214	0.061214	0.061214	0.061214	0.051012
Table.ReadLatency.lucasdb.tw_ttl_1h_20min	1511141459	50371381	p50	0.073457	0.073457	0.073457	0.061214	0.073457	0.061214	0.061214	0.061214	0.061214	0.051012
Table.ReadLatency.lucasdb.tw_ttl_1h_20min	1511141489	50371382	p50	0.073457	0.073457	0.073457	0.061214	0.073457	0.073457	0.061214	0.061214	0.061214	0.061214
Table.ReadLatency.lucasdb.tw_ttl_1h_20min	1511141521	50371384	p50	0.073457	0.073457	0.073457	0.061214	0.073457	0.073457	0.061214	0.061214	0.061214	0.051012
Table.ReadLatency.lucasdb.tw_ttl_1h_20min	1511141549	50371384	p50	0.073457	0.073457	0.073457	0.061214	0.073457	0.073457	0.061214	0.061214	0.061214	0.051012
Table.ReadLatency.lucasdb.tw_ttl_1h_20min	1511141579	50371385	p50	0.073457	0.073457	0.061214	0.061214	0.073457	0.061214	0.061214	0.061214	0.061214	0.051012
Table.ReadLatency.lucasdb.tw_ttl_1h_20min	1511141609	50371386	p50	0.073457	0.073457	0.061214	0.061214	0.073457	0.061214	0.061214	0.061214	0.073457	0.051012
Table.ReadLatency.lucasdb.tw_ttl_1h_20min	1511141639	50371387	p50	0.073457	0.073457	0.061214	0.061214	0.073457	0.061214	0.061214	0.061214	0.073457	0.051012
Table.ReadLatency.lucasdb.tw_ttl_1h_20min	1511141669	50371388	p50	0.073457	0.073457	0.061214	0.061214	0.073457	0.061214	0.061214	0.061214	0.073457	0.051012
Table.ReadLatency.lucasdb.tw_ttl_1h_20min	1511141699	50371389	p50	0.073457	0.073457	0.061214	0.061214	0.073457	0.061214	0.073457	0.061214	0.073457	0.051012
Table.ReadLatency.lucasdb.tw_ttl_1h_20min	1511141729	50371390	p50	0.073457	0.073457	0.061214	0.061214	0.061214	0.061214	0.073457	0.061214	0.073457	0.061214
Table.ReadLatency.lucasdb.tw_ttl_1h_20min	1511141759	50371391	p50	0.073457	0.073457	0.073457	0.061214	0.061214	0.061214	0.073457	0.061214	0.073457	0.061214
Table.ReadLatency.lucasdb.tw_ttl_1h_20min	1511141789	50371392	p50	0.073457	0.073457	0.073457	0.073457	0.061214	0.061214	0.061214	0.061214	0.073457	0.061214
Table.ReadLatency.lucasdb.tw_ttl_1h_20min	1511141819	50371393	p50	0.088148	0.073457	0.073457	0.061214	0.061214	0.061214	0.061214	0.061214	0.073457	0.061214
Table.ReadLatency.lucasdb.tw_ttl_1h_20min	1511141849	50371394	p50	0.088148	0.073457	0.073457	0.061214	0.061214	0.061214	0.061214	0.061214	0.073457	0.061214
Table.ReadLatency.lucasdb.tw_ttl_1h_20min	1511141879	50371395	p50	0.088148	0.073457	0.073457	0.061214	0.061214	0.061214	0.061214	0.073457	0.073457	0.061214
Table.ReadLatency.lucasdb.tw_ttl_1h_20min	1511141909	50371396	p50	0.088148	0.073457	0.088148	0.061214	0.073457	0.073457	0.061214	0.073457	0.073457	0.061214
Table.ReadLatency.lucasdb.tw_ttl_1h_20min	1511141939	50371397	p50	0.105778	0.073457	0.088148	0.061214	0.073457	0.073457	0.061214	0.061214	0.073457	0.061214
Table.ReadLatency.lucasdb.tw_ttl_1h_20min	1511141969	50371398	p50	0.126934	0.088148	0.105778	0.061214	0.061214	0.073457	0.073457	0.061214	0.073457	0.061214
Table.ReadLatency.lucasdb.tw_ttl_1h_20min	1511141999	50371399	p50	0.126934	0.088148	0.105778	0.073457	0.061214	0.073457	0.073457	0.061214	0.073457	0.061214
Table.ReadLatency.lucasdb.tw_ttl_1h_20min	1511142029	50371400	p50	0.126934	0.088148	0.126934	0.073457	0.061214	0.073457	0.073457	0.061214	0.073457	0.061214
Table.ReadLatency.lucasdb.tw_ttl_1h_20min	1511142059	50371401	p50	0.126934	0.088148	0.105778	0.073457	0.061214	0.088148	0.073457	0.061214	0.073457	0.061214
Table.ReadLatency.lucasdb.tw_ttl_1h_20min	1511142089	50371402	p50	0.126934	0.073457	0.105778	0.073457	0.061214	0.088148	0.073457	0.061214	0.073457	0.061214
Table.ReadLatency.lucasdb.tw_ttl_1h_20min	1511142119	50371403	p50	0.105778	0.073457	0.105778	0.073457	0.061214	0.088148	0.073457	0.061214	0.073457	0.061214
Table.ReadLatency.lucasdb.tw_ttl_1h_20min	1511142149	50371404	p50	0.105778	0.073457	0.105778	0.073457	0.061214	0.088148	0.073457	0.061214	0.073457	0.061214
Table.ReadLatency.lucasdb.tw_ttl_1h_20min	1511142179	50371405	p50	0.105778	0.073457	0.105778	0.088148	0.061214	0.088148	0.073457	0.061214	0.073457	0.051012
Table.ReadLatency.lucasdb.tw_ttl_1h_20min	1511142209	50371406	p50	0.126934	0.073457	0.088148	0.073457	0.061214	0.073457	0.073457	0.061214	0.073457	0.051012
Table.ReadLatency.lucasdb.tw_ttl_1h_20min	1511142239	50371407	p50	0.126934	0.073457	0.105778	0.073457	0.061214	0.073457	0.073457	0.061214	0.073457	0.051012
Table.ReadLatency.lucasdb.tw_ttl_1h_20min	1511142269	50371408	p50	0.105778	0.088148	0.105778	0.088148	0.061214	0.088148	0.073457	0.073457	0.073457	0.061214
Table.ReadLatency.lucasdb.tw_ttl_1h_20min	1511142299	50371409	p50	0.105778	0.073457	0.105778	0.088148	0.061214	0.073457	0.073457	0.073457	0.088148	0.061214
Table.ReadLatency.lucasdb.tw_ttl_1h_20min	1511142329	50371410	p50	0.088148	0.088148	0.088148	0.073457	0.061214	0.073457	0.073457	0.073457	0.073457	0.061214
Table.ReadLatency.lucasdb.tw_ttl_1h_20min	1511142359	50371411	p50	0.088148	0.105778	0.105778	0.073457	0.061214	0.088148	0.073457	0.073457	0.073457	0.061214
Table.ReadLatency.lucasdb.tw_ttl_1h_20min	1511142389	50371412	p50	0.088148	0.088148	0.088148	0.088148	0.061214	0.073457	0.073457	0.073457	0.073457	0.061214
Table.ReadLatency.lucasdb.tw_ttl_1h_20min	1511142419	50371413	p50	0.088148	0.088148	0.105778	0.073457	0.073457	0.073457	0.061214	0.073457	0.073457	0.061214
Table.ReadLatency.lucasdb.tw_ttl_1h_20min	1511142449	50371414	p50	0.088148	0.088148	0.105778	0.088148	0.073457	0.073457	0.073457	0.088148	0.073457	0.061214
Table.ReadLatency.lucasdb.tw_ttl_1h_20min	1511142479	50371415	p50	0.088148	0.105778	0.126934	0.088148	0.073457	0.088148	0.073457	0.073457	0.073457	0.061214
Table.ReadLatency.lucasdb.tw_ttl_1h_20min	1511142509	50371416	p50	0.088148	0.088148	0.126934	0.088148	0.061214	0.073457	0.073457	0.073457	0.073457	0.061214
Table.ReadLatency.lucasdb.tw_ttl_1h_20min	1511142539	50371417	p50	0.088148	0.088148	0.152321	0.088148	0.073457	0.073457	0.073457	0.073457	0.073457	0.061214
Table.ReadLatency.lucasdb.tw_ttl_1h_20min	1511142569	50371418	p50	0.105778	0.088148	0.126934	0.088148	0.073457	0.088148	0.061214	0.073457	0.073457	0.061214
Table.ReadLatency.lucasdb.tw_ttl_1h_20min	1511142602	50371420	p50	0.105778	0.088148	0.105778	0.073457	0.073457	0.088148	0.073457	0.088148	0.105778	0.061214
Table.ReadLatency.lucasdb.tw_ttl_1h_20min	1511142629	50371420	p50	0.105778	0.088148	0.105778	0.073457	0.073457	0.088148	0.073457	0.088148	0.105778	0.061214
Table.ReadLatency.lucasdb.tw_ttl_1h_20min	1511142659	50371421	p50	0.105778	0.088148	0.105778	0.073457	0.073457	0.088148	0.061214	0.088148	0.088148	0.073457
Table.ReadLatency.lucasdb.tw_ttl_1h_20min	1511142689	50371422	p50	0.088148	0.088148	0.105778	0.073457	0.073457	0.073457	0.061214	0.088148	0.088148	0.073457
Table.ReadLatency.lucasdb.tw_ttl_1h_20min	1511142719	50371423	p50	0.105778	0.088148	0.126934	0.073457	0.088148	0.088148	0.061214	0.105778	0.088148	0.073457
Table.ReadLatency.lucasdb.tw_ttl_1h_20min	1511142749	50371424	p50	0.126934	0.088148	0.126934	0.073457	0.088148	0.088148	0.073457	0.126934	0.088148	0.073457
Table.ReadLatency.lucasdb.tw_ttl_1h_20min	1511142779	50371425	p50	0.088148	0.088148	0.126934	0.073457	0.088148	0.088148	0.073457	0.152321	0.105778	0.073457
Table.ReadLatency.lucasdb.tw_ttl_1h_20min	1511142809	50371426	p50	0.105778	0.088148	0.105778	0.073457	0.088148	0.088148	0.073457	0.088148	0.105778	0.061214
Table.ReadLatency.lucasdb.tw_ttl_1h_20min	1511142839	50371427	p50	0.105778	0.088148	0.105778	0.073457	0.088148	0.088148	0.073457	0.105778	0.105778	0.061214
Table.ReadLatency.lucasdb.tw_ttl_1h_20min	1511142869	50371428	p50	0.105778	0.088148	0.105778	0.073457	0.088148	0.105778	0.088148	0.088148	0.105778	0.061214
Table.ReadLatency.lucasdb.tw_ttl_1h_20min	1511142899	50371429	p50	0.088148	0.088148	0.105778	0.088148	0.088148	0.105778	0.105778	0.152321	0.105778	0.061214
Table.ReadLatency.lucasdb.tw_ttl_1h_20min	1511142929	50371430	p50	0.105778	0.088148	0.105778	0.088148	0.088148	0.152321	0.088148	0.152321	0.105778	0.073457
Table.ReadLatency.lucasdb.tw_ttl_1h_20min	1511142959	50371431	p50	0.105778	0.105778	0.088148	0.073457	0.088148	0.152321	0.105778	0.152321	0.105778	0.073457
Table.ReadLatency.lucasdb.tw_ttl_1h_20min	1511142989	50371432	p50	0.126934	0.088148	0.105778	0.088148	0.105778	0.126934	0.088148	0.105778	0.105778	0.088148
Table.ReadLatency.lucasdb.tw_ttl_1h_20min	1511143019	50371433	p50	0.126934	0.152321	0.105778	0.105778	0.105778	0.126934	0.105778	0.088148	0.182785	0.126934
Table.ReadLatency.lucasdb.tw_ttl_1h_20min	1511143049	50371434	p50	0.182785	0.126934	0.126934	0.126934	0.088148	0.152321	0.105778	0.152321	1.131752	0.126934
Table.ReadLatency.lucasdb.tw_ttl_1h_20min	1511143079	50371435	p50	0.182785	0.126934	0.152321	0.088148	0.182785	0.152321	0.126934	0.182785	1.131752	0.152321
Table.ReadLatency.lucasdb.tw_ttl_1h_20min	1511143109	50371436	p50	0.182785	0.105778	0.182785	0.105778	0.182785	0.152321	0.126934	0.182785	1.131752	0.126934
Table.ReadLatency.lucasdb.tw_ttl_1h_20min	1511143139	50371437	p50	0.219342	0.126934	0.182785	0.088148	0.219342	0.088148	0.152321	0.182785	1.131752	0.073457
Table.ReadLatency.lucasdb.tw_ttl_1h_20min	1511143169	50371438	p50	0.182785	0.152321	0.126934	0.088148	0.152321	0.088148	0.152321	0.182785	0.263210	0.073457
Table.ReadLatency.lucasdb.tw_ttl_1h_20min	1511143199	50371439	p50	0.219342	0.263210	0.152321	0.126934	0.105778	0.088148	0.126934	0.182785	0.454826	0.088148
Table.ReadLatency.lucasdb.tw_ttl_1h_20min	1511143229	50371440	p50	0.182785	0.182785	0.182785	0.105778	0.152321	0.126934	0.126934	0.182785	0.315852	0.073457
Table.ReadLatency.lucasdb.tw_ttl_1h_20min	1511143259	50371441	p50	0.182785	0.152321	0.182785	0.088148	0.182785	0.126934	0.182785	0.152321	0.152321	0.088148
Table.ReadLatency.lucasdb.tw_ttl_1h_20min	1511143289	50371442	p50	0.126934	0.219342	0.315852	0.126934	0.182785	0.152321	0.219342	0.126934	0.182785	0.126934
Table.ReadLatency.lucasdb.tw_ttl_1h_20min	1511143319	50371443	p50	0.105778	0.182785	0.943127	1.131752	0.152321	0.152321	0.785939	0.126934	0.152321	0.126934
Table.ReadLatency.lucasdb.tw_ttl_1h_20min	1511143349	50371444	p50	0.182785	0.182785	0.943127	0.263210	0.219342	0.152321	0.152321	0.152321	0.105778	0.105778
Table.ReadLatency.lucasdb.tw_ttl_1h_20min	1511143379	50371445	p50	0.219342	0.182785	0.126934	0.182785	0.152321	1.131752	0.105778	0.182785	0.088148	0.088148
Table.ReadLatency.lucasdb.tw_ttl_1h_20min	1511143409	50371446	p50	0.182785	0.263210	0.182785	0.152321	0.126934	0.152321	0.088148	0.105778	0.088148	0.073457
Table.ReadLatency.lucasdb.tw_ttl_1h_20min	1511143439	50371447	p50	1.131752	0.182785	0.785939	0.152321	0.126934	0.152321	0.105778	0.088148	0.126934	0.126934
Table.ReadLatency.lucasdb.tw_ttl_1h_20min	1511143469	50371448	p50	0.315852	0.126934	0.943127	0.152321	0.126934	1.131752	0.105778	0.152321	0.152321	0.126934
Table.ReadLatency.lucasdb.tw_ttl_1h_20min	1511143499	50371449	p50	0.126934	0.126934	0.943127	0.152321	0.379022	1.131752	0.152321	0.088148	0.126934	0.061214
Table.ReadLatency.lucasdb.tw_ttl_1h_20min	1511143529	50371450	p50	0.126934	0.105778	0.182785	0.182785	0.182785	1.131752	0.219342	0.088148	0.152321	0.126934
Table.ReadLatency.lucasdb.tw_ttl_1h_20min	1511143559	50371451	p50	0.219342	0.182785	0.943127	0.943127	0.219342	0.182785	0.785939	0.088148	0.152321	0.126934
Table.ReadLatency.lucasdb.tw_ttl_1h_20min	1511143589	50371452	p50	1.131752	0.126934	0.943127	1.131752	0.105778	0.654949	0.785939	0.152321	0.152321	0.073457
Table.ReadLatency.lucasdb.tw_ttl_1h_20min	1511143619	50371453	p50	1.131752	0.152321	0.943127	1.131752	0.126934	1.131752	0.785939	0.263210	0.152321	0.152321
Table.ReadLatency.lucasdb.tw_ttl_1h_20min	1511143649	50371454	p50	1.358102	0.152321	0.182785	1.131752	0.219342	1.131752	0.785939	0.943127	0.105778	0.152321
Table.ReadLatency.lucasdb.tw_ttl_1h_20min	1511143679	50371455	p50	1.131752	0.219342	0.315852	1.131752	0.126934	1.131752	0.785939	1.131752	0.126934	0.152321
Table.ReadLatency.lucasdb.tw_ttl_1h_20min	1511143709	50371456	p50	1.131752	0.943127	0.943127	0.315852	0.219342	0.654949	0.785939	0.943127	0.126934	0.152321
Table.ReadLatency.lucasdb.tw_ttl_1h_20min	1511143739	50371457	p50	0.654949	1.955666	0.943127	1.131752	0.219342	1.131752	0.785939	0.943127	1.131752	0.152321
Table.ReadLatency.lucasdb.tw_ttl_1h_20min	1511143769	50371458	p50	1.358102	0.785939	74.975550	1.131752	0.943127	1.131752	0.785939	0.152321	0.182785	0.219342
Table.ReadLatency.lucasdb.tw_ttl_1h_20min	1511143799	50371459	p50	1.358102	0.785939	186.563160	1.131752	0.943127	1.131752	0.785939	0.785939	1.131752	0.654949
Table.ReadLatency.lucasdb.tw_ttl_1h_20min	1511143829	50371460	p50	1.131752	0.943127	223.875792	1.131752	1.131752	1.131752	0.943127	0.152321	1.131752	0.785939
Table.ReadLatency.lucasdb.tw_ttl_1h_20min	1511143859	50371461	p50	1.955666	0.943127	186.563160	1.131752	0.943127	1.131752	3.379391	0.182785	0.379022	1.358102
Table.ReadLatency.lucasdb.tw_ttl_1h_20min	1511143889	50371462	p50	1.358102	0.943127	186.563160	1.131752	1.131752	1.131752	0.785939	0.182785	1.131752	1.358102
Table.ReadLatency.lucasdb.tw_ttl_1h_20min	1511143919	50371463	p50	1.131752	0.943127	186.563160	1.131752	0.943127	0.263210	0.785939	0.943127	1.131752	25.109160
Table.ReadLatency.lucasdb.tw_ttl_1h_20min	1511143949	50371464	p50	1.131752	0.943127	129.557750	1.131752	0.379022	1.131752	0.785939	1.131752	0.654949	0.654949
Table.ReadLatency.lucasdb.tw_ttl_1h_20min	1511143979	50371465	p50	1.131752	1.131752	0.943127	1.131752	0.943127	1.358102	1.131752	1.131752	0.654949	0.654949
Table.ReadLatency.lucasdb.tw_ttl_1h_20min	1511144009	50371466	p50	1.131752	0.785939	0.182785	1.358102	1.131752	0.182785	0.785939	0.943127	0.219342	0.315852
Table.ReadLatency.lucasdb.tw_ttl_1h_20min	1511144039	50371467	p50	1.131752	0.785939	0.315852	1.358102	1.131752	0.182785	0.785939	1.131752	0.785939	0.219342
Table.ReadLatency.lucasdb.tw_ttl_1h_20min	1511144069	50371468	p50	1.358102	0.263210	0.943127	1.131752	1.131752	0.219342	0.943127	1.131752	0.182785	0.219342
Table.ReadLatency.lucasdb.tw_ttl_1h_20min	1511144099	50371469	p50	1.131752	0.263210	1.358102	1.131752	1.131752	1.131752	0.785939	1.131752	0.182785	0.219342
Table.ReadLatency.lucasdb.tw_ttl_1h_20min	1511144129	50371470	p50	1.131752	0.785939	1.131752	1.131752	1.131752	0.263210	0.943127	0.943127	0.263210	0.654949
Table.ReadLatency.lucasdb.tw_ttl_1h_20min	1511144159	50371471	p50	1.131752	0.785939	1.131752	1.131752	1.131752	1.358102	0.943127	0.545791	0.263210	0.219342
Table.ReadLatency.lucasdb.tw_ttl_1h_20min	1511144189	50371472	p50	1.358102	0.943127	0.943127	1.131752	1.131752	1.358102	0.943127	0.943127	0.263210	0.263210
Table.ReadLatency.lucasdb.tw_ttl_1h_20min	1511144219	50371473	p50	1.358102	0.263210	0.943127	1.131752	1.131752	1.358102	0.785939	0.943127	1.131752	0.545791
Table.ReadLatency.lucasdb.tw_ttl_1h_20min	1511144249	50371474	p50	1.358102	0.785939	0.943127	1.131752	0.943127	1.358102	0.943127	1.131752	1.131752	0.182785
Table.ReadLatency.lucasdb.tw_ttl_1h_20min	1511144279	50371475	p50	1.131752	0.785939	0.263210	1.131752	0.943127	1.131752	0.943127	1.131752	2.346799	0.654949
Table.ReadLatency.lucasdb.tw_ttl_1h_20min	1511144309	50371476	p50	1.358102	0.785939	0.943127	0.943127	1.131752	1.131752	0.943127	1.131752	1.955666	0.545791
Table.ReadLatency.lucasdb.tw_ttl_1h_20min	1511144339	50371477	p50	1.629722	0.943127	1.131752	1.131752	1.131752	1.358102	0.943127	30.130992	43.388628	0.654949
Table.ReadLatency.lucasdb.tw_ttl_1h_20min	1511144369	50371478	p50	1.629722	1.131752	1.131752	1.131752	1.131752	1.131752	0.943127	20.924300	43.388628	0.654949
Table.ReadLatency.lucasdb.tw_ttl_1h_20min	1511144399	50371479	p50	1.358102	1.131752	1.358102	1.131752	1.131752	1.358102	1.629722	2.346799	30.130992	0.654949
Table.ReadLatency.lucasdb.tw_ttl_1h_20min	1511144429	50371480	p50	2.346799	0.943127	4.055269	1.131752	1.131752	1.358102	4.866323	3.379391	43.388628	0.785939
Table.ReadLatency.lucasdb.tw_ttl_1h_20min	1511144459	50371481	p50	2.346799	1.131752	20.924300	1.131752	1.955666	1.131752	0.943127	20.924300	3.379391	0.785939
Table.ReadLatency.lucasdb.tw_ttl_1h_20min	1511144489	50371482	p50	1.629722	1.131752	20.924300	1.131752	1.131752	1.131752	20.924300	62.479625	3.379391	0.654949
Table.ReadLatency.lucasdb.tw_ttl_1h_20min	1511144519	50371483	p50	1.629722	1.131752	0.943127	1.131752	2.346799	1.131752	0.943127	1.358102	2.346799	0.654949
Table.ReadLatency.lucasdb.tw_ttl_1h_20min	1511144549	50371484	p50	1.629722	1.955666	1.131752	1.131752	2.346799	1.131752	1.629722	1.131752	36.157190	0.654949
Table.ReadLatency.lucasdb.tw_ttl_1h_20min	1511144579	50371485	p50	1.131752	0.943127	4.055269	1.358102	129.557750	1.131752	43.388628	2.346799	36.157190	0.654949
Table.ReadLatency.lucasdb.tw_ttl_1h_20min	1511144609	50371486	p50	1.629722	1.358102	4.055269	1.131752	74.975550	1.131752	20.924300	107.964792	89.970660	52.066354
Table.ReadLatency.lucasdb.tw_ttl_1h_20min	1511144639	50371487	p50	74.975550	0.943127	4.055269	1.131752	1.131752	1.358102	0.943127	74.975550	129.557750	74.975550
Table.ReadLatency.lucasdb.tw_ttl_1h_20min	1511144669	50371488	p50	1.358102	1.131752	52.066354	1.131752	1.131752	1.131752	89.970660	107.964792	155.469300	107.964792
Table.ReadLatency.lucasdb.tw_ttl_1h_20min	1511144699	50371489	p50	1.358102	0.943127	1.131752	1.358102	0.943127	1.358102	20.924300	20.924300	129.557750	0.785939
Table.ReadLatency.lucasdb.tw_ttl_1h_20min	1511144729	50371490	p50	1.358102	1.955666	1.131752	1.358102	1.131752	1.358102	30.130992	155.469300	155.469300	129.557750
Table.ReadLatency.lucasdb.tw_ttl_1h_20min	1511144759	50371491	p50	1.131752	129.557750	155.469300	1.358102	1.629722	129.557750	1.955666	155.469300	107.964792	155.469300
Table.ReadLatency.lucasdb.tw_ttl_1h_20min	1511144789	50371492	p50	129.557750	74.975550	186.563160	8.409007	107.964792	186.563160	129.557750	186.563160	1.358102	186.563160
Table.ReadLatency.lucasdb.tw_ttl_1h_20min	1511144819	50371493	p50	155.469300	2.346799	1.131752	129.557750	62.479625	186.563160	155.469300	186.563160	107.964792	155.469300
Table.ReadLatency.lucasdb.tw_ttl_1h_20min	1511144849	50371494	p50	186.563160	30.130992	186.563160	155.469300	186.563160	223.875792	186.563160	186.563160	2.346799	89.970660
Table.ReadLatency.lucasdb.tw_ttl_1h_20min	1511144879	50371495	p50	107.964792	1.131752	89.970660	155.469300	186.563160	186.563160	186.563160	186.563160	129.557750	129.557750
Table.ReadLatency.lucasdb.tw_ttl_1h_20min	1511144909	50371496	p50	74.975550	0.943127	107.964792	129.557750	223.875792	186.563160	107.964792	129.557750	129.557750	129.557750
Table.ReadLatency.lucasdb.tw_ttl_1h_20min	1511144939	50371497	p50	129.557750	43.388628	107.964792	129.557750	186.563160	155.469300	155.469300	89.970660	74.975550	107.964792
Table.ReadLatency.lucasdb.tw_ttl_1h_20min	1511144969	50371498	p50	107.964792	1.131752	107.964792	74.975550	223.875792	155.469300	155.469300	36.157190	62.479625	1.629722
Table.ReadLatency.lucasdb.tw_ttl_1h_20min	1511144999	50371499	p50	186.563160	1.629722	155.469300	107.964792	155.469300	129.557750	155.469300	36.157190	1.358102	2.816159
Table.ReadLatency.lucasdb.tw_ttl_1h_20min	1511145029	50371500	p50	129.557750	36.157190	155.469300	107.964792	186.563160	129.557750	155.469300	89.970660	1.358102	107.964792
Table.ReadLatency.lucasdb.tw_ttl_1h_20min	1511145059	50371501	p50	43.388628	2.346799	155.469300	129.557750	155.469300	129.557750	129.557750	20.924300	107.964792	107.964792
Table.ReadLatency.lucasdb.tw_ttl_1h_20min	1511145089	50371502	p50	74.975550	74.975550	107.964792	155.469300	52.066354	62.479625	74.975550	1.358102	1.358102	36.157190
Table.ReadLatency.lucasdb.tw_ttl_1h_20min	1511145121	50371504	p50	43.388628	17.436917	74.975550	52.066354	43.388628	43.388628	62.479625	1.131752	36.157190	36.157190
Table.ReadLatency.lucasdb.tw_ttl_1h_20min	1511145149	50371504	p50	2.346799	17.436917	74.975550	52.066354	43.388628	43.388628	62.479625	1.131752	36.157190	36.157190
Table.ReadLatency.lucasdb.tw_ttl_1h_20min	1511145179	50371505	p50	1.358102	25.109160	62.479625	62.479625	43.388628	52.066354	52.066354	52.066354	155.469300	30.130992
Table.ReadLatency.lucasdb.tw_ttl_1h_20min	1511145209	50371506	p50	25.109160	107.964792	36.157190	43.388628	20.924300	52.066354	89.970660	5.839588	89.970660	1.358102
Table.ReadLatency.lucasdb.tw_ttl_1h_20min	1511145239	50371507	p50	36.157190	107.964792	52.066354	62.479625	20.924300	43.388628	107.964792	62.479625	89.970660	1.358102
Table.ReadLatency.lucasdb.tw_ttl_1h_20min	1511145272	50371509	p50	89.970660	74.975550	2.816159	52.066354	12.108970	2.816159	74.975550	62.479625	52.066354	62.479625
Table.ReadLatency.lucasdb.tw_ttl_1h_20min	1511145299	50371509	p50	52.066354	74.975550	2.816159	52.066354	12.108970	2.816159	74.975550	62.479625	52.066354	62.479625
Table.ReadLatency.lucasdb.tw_ttl_1h_20min	1511145329	50371510	p50	62.479625	52.066354	2.816159	52.066354	30.130992	1.358102	52.066354	74.975550	36.157190	89.970660
Table.ReadLatency.lucasdb.tw_ttl_1h_20min	1511145359	50371511	p50	74.975550	52.066354	17.436917	62.479625	12.108970	1.358102	89.970660	74.975550	52.066354	62.479625
Table.ReadLatency.lucasdb.tw_ttl_1h_20min	1511145389	50371512	p50	43.388628	43.388628	43.388628	62.479625	43.388628	1.358102	52.066354	74.975550	62.479625	62.479625
Table.ReadLatency.lucasdb.tw_ttl_1h_20min	1511145419	50371513	p50	43.388628	74.975550	43.388628	43.388628	43.388628	2.346799	62.479625	74.975550	62.479625	52.066354
Table.ReadLatency.lucasdb.tw_ttl_1h_20min	1511145449	50371514	p50	62.479625	74.975550	62.479625	36.157190	43.388628	2.346799	52.066354	74.975550	43.388628	36.157190
Table.ReadLatency.lucasdb.tw_ttl_1h_20min	1511145479	50371515	p50	43.388628	89.970660	43.388628	74.975550	52.066354	2.346799	89.970660	89.970660	89.970660	1.358102
Table.ReadLatency.lucasdb.tw_ttl_1h_20min	1511145509	50371516	p50	89.970660	74.975550	25.109160	62.479625	62.479625	2.346799	89.970660	74.975550	129.557750	43.388628
Table.ReadLatency.lucasdb.tw_ttl_1h_20min	1511145539	50371517	p50	89.970660	89.970660	62.479625	62.479625	43.388628	62.479625	74.975550	107.964792	107.964792	52.066354
Table.ReadLatency.lucasdb.tw_ttl_1h_20min	1511145569	50371518	p50	89.970660	62.479625	74.975550	62.479625	52.066354	25.109160	62.479625	89.970660	107.964792	62.479625
Table.ReadLatency.lucasdb.tw_ttl_1h_20min	1511145599	50371519	p50	74.975550	62.479625	74.975550	52.066354	30.130992	25.109160	62.479625	89.970660	89.970660	62.479625
Table.ReadLatency.lucasdb.tw_ttl_1h_20min	1511145629	50371520	p50	89.970660	74.975550	52.066354	62.479625	20.924300	25.109160	30.130992	74.975550	74.975550	20.924300
Table.ReadLatency.lucasdb.tw_ttl_1h_20min	1511145659	50371521	p50	107.964792	62.479625	74.975550	62.479625	43.388628	36.157190	36.157190	74.975550	107.964792	17.436917
Table.ReadLatency.lucasdb.tw_ttl_1h_20min	1511145689	50371522	p50	129.557750	89.970660	107.964792	62.479625	36.157190	62.479625	62.479625	107.964792	129.557750	62.479625
Table.ReadLatency.lucasdb.tw_ttl_1h_20min	1511145719	50371523	p50	155.469300	129.557750	129.557750	74.975550	107.964792	89.970660	89.970660	129.557750	129.557750	74.975550
Table.ReadLatency.lucasdb.tw_ttl_1h_20min	1511145749	50371524	p50	129.557750	129.557750	129.557750	129.557750	107.964792	129.557750	107.964792	89.970660	155.469300	129.557750
Table.ReadLatency.lucasdb.tw_ttl_1h_20min	1511145779	50371525	p50	155.469300	155.469300	155.469300	155.469300	89.970660	129.557750	89.970660	129.557750	186.563160	155.469300
Table.ReadLatency.lucasdb.tw_ttl_1h_20min	1511145809	50371526	p50	186.563160	186.563160	155.469300	186.563160	155.469300	129.557750	155.469300	186.563160	186.563160	186.563160
Table.ReadLatency.lucasdb.tw_ttl_1h_20min	1511145839	50371527	p50	223.875792	155.469300	186.563160	186.563160	155.469300	155.469300	155.469300	186.563160	223.875792	186.563160
Table.ReadLatency.lucasdb.tw_ttl_1h_20min	1511145869	50371528	p50	223.875792	186.563160	186.563160	223.875792	223.875792	186.563160	223.875792	223.875792	223.875792	186.563160
Table.ReadLatency.lucasdb.tw_ttl_1h_20min	1511145899	50371529	p50	223.875792	223.875792	223.875792	186.563160	223.875792	186.563160	223.875792	268.650950	223.875792	186.563160
Table.ReadLatency.lucasdb.tw_ttl_1h_20min	1511145929	50371530	p50	223.875792	223.875792	223.875792	223.875792	223.875792	223.875792	223.875792	322.381140	268.650950	186.563160
Table.ReadLatency.lucasdb.tw_ttl_1h_20min	1511145959	50371531	p50	223.875792	223.875792	186.563160	268.650950	223.875792	223.875792	268.650950	268.650950	268.650950	155.469300
Table.ReadLatency.lucasdb.tw_ttl_1h_20min	1511145989	50371532	p50	268.650950	186.563160	129.557750	268.650950	223.875792	223.875792	268.650950	268.650950	268.650950	186.563160
Table.ReadLatency.lucasdb.tw_ttl_1h_20min	1511146019	50371533	p50	186.563160	186.563160	186.563160	223.875792	223.875792	223.875792	223.875792	268.650950	268.650950	155.469300
Table.ReadLatency.lucasdb.tw_ttl_1h_20min	1511146049	50371534	p50	223.875792	155.469300	155.469300	223.875792	223.875792	186.563160	186.563160	268.650950	223.875792	129.557750
Table.ReadLatency.lucasdb.tw_ttl_1h_20min	1511146079	50371535	p50	186.563160	155.469300	129.557750	155.469300	186.563160	186.563160	186.563160	223.875792	186.563160	129.557750
Table.ReadLatency.lucasdb.tw_ttl_1h_20min	1511146109	50371536	p50	155.469300	155.469300	155.469300	155.469300	186.563160	186.563160	186.563160	186.563160	186.563160	129.557750
Table.ReadLatency.lucasdb.tw_ttl_1h_20min	1511146139	50371537	p50	223.875792	155.469300	155.469300	155.469300	155.469300	186.563160	155.469300	186.563160	155.469300	129.557750
Table.ReadLatency.lucasdb.tw_ttl_1h_20min	1511146169	50371538	p50	186.563160	186.563160	155.469300	186.563160	186.563160	155.469300	186.563160	155.469300	155.469300	129.557750
Table.ReadLatency.lucasdb.tw_ttl_1h_20min	1511146199	50371539	p50	223.875792	186.563160	186.563160	186.563160	186.563160	155.469300	223.875792	155.469300	155.469300	155.469300
Table.ReadLatency.lucasdb.tw_ttl_1h_20min	1511146229	50371540	p50	223.875792	155.469300	155.469300	186.563160	186.563160	186.563160	223.875792	223.875792	186.563160	155.469300
Table.ReadLatency.lucasdb.tw_ttl_1h_20min	1511146259	50371541	p50	223.875792	155.469300	155.469300	186.563160	155.469300	155.469300	186.563160	223.875792	155.469300	129.557750
Table.ReadLatency.lucasdb.tw_ttl_1h_20min	1511146289	50371542	p50	186.563160	129.557750	129.557750	186.563160	186.563160	129.557750	186.563160	268.650950	186.563160	155.469300
Table.ReadLatency.lucasdb.tw_ttl_1h_20min	1511146319	50371543	p50	186.563160	155.469300	186.563160	223.875792	223.875792	129.557750	186.563160	322.381140	186.563160	186.563160
Table.ReadLatency.lucasdb.tw_ttl_1h_20min	1511146349	50371544	p50	186.563160	155.469300	186.563160	223.875792	223.875792	129.557750	155.469300	268.650950	155.469300	155.469300
Table.ReadLatency.lucasdb.tw_ttl_1h_20min	1511146379	50371545	p50	186.563160	155.469300	186.563160	223.875792	186.563160	129.557750	155.469300	223.875792	155.469300	155.469300
Table.ReadLatency.lucasdb.tw_ttl_1h_20min	1511146409	50371546	p50	155.469300	129.557750	155.469300	223.875792	223.875792	155.469300	155.469300	223.875792	186.563160	155.469300
Table.ReadLatency.lucasdb.tw_ttl_1h_20min	1511146439	50371547	p50	155.469300	129.557750	129.557750	186.563160	186.563160	155.469300	129.557750	155.469300	186.563160	155.469300
Table.ReadLatency.lucasdb.tw_ttl_1h_20min	1511146469	50371548	p50	155.469300	155.469300	155.469300	186.563160	129.557750	155.469300	129.557750	155.469300	186.563160	107.964792
Table.ReadLatency.lucasdb.tw_ttl_1h_20min	1511146499	50371549	p50	129.557750	155.469300	155.469300	223.875792	155.469300	155.469300	155.469300	129.557750	186.563160	129.557750
Table.ReadLatency.lucasdb.tw_ttl_1h_20min	1511146529	50371550	p50	129.557750	62.479625	155.469300	223.875792	129.557750	129.557750	155.469300	155.469300	186.563160	129.557750
Table.ReadLatency.lucasdb.tw_ttl_1h_20min	1511146559	50371551	p50	107.964792	10.090808	186.563160	223.875792	155.469300	155.469300	155.469300	186.563160	186.563160	129.557750
Table.ReadLatency.lucasdb.tw_ttl_1h_20min	1511146589	50371552	p50	107.964792	43.388628	186.563160	186.563160	155.469300	89.970660	155.469300	155.469300	155.469300	107.964792
Table.ReadLatency.lucasdb.tw_ttl_1h_20min	1511146621	50371554	p50	155.469300	30.130992	186.563160	155.469300	129.557750	107.964792	129.557750	186.563160	155.469300	129.557750
Table.ReadLatency.lucasdb.tw_ttl_1h_20min	1511146649	50371554	p50	155.469300	30.130992	186.563160	155.469300	129.557750	107.964792	129.557750	186.563160	155.469300	129.557750
Table.ReadLatency.lucasdb.tw_ttl_1h_20min	1511146679	50371555	p50	155.469300	1.131752	186.563160	129.557750	107.964792	89.970660	107.964792	129.557750	129.557750	129.557750
Table.ReadLatency.lucasdb.tw_ttl_1h_20min	1511146709	50371556	p50	129.557750	1.358102	107.964792	129.557750	107.964792	107.964792	129.557750	129.557750	155.469300	107.964792
Table.ReadLatency.lucasdb.tw_ttl_1h_20min	1511146739	50371557	p50	107.964792	1.358102	74.975550	74.975550	129.557750	129.557750	107.964792	129.557750	129.557750	107.964792
Table.ReadLatency.lucasdb.tw_ttl_1h_20min	1511146770	50371559	p50	107.964792	36.157190	107.964792	74.975550	89.970660	89.970660	89.970660	107.964792	89.970660	89.970660
Table.ReadLatency.lucasdb.tw_ttl_1h_20min	1511146799	50371559	p50	107.964792	36.157190	107.964792	74.975550	89.970660	89.970660	89.970660	107.964792	89.970660	89.970660
Table.ReadLatency.lucasdb.tw_ttl_1h_20min	1511146829	50371560	p50	107.964792	36.157190	129.557750	107.964792	107.964792	89.970660	107.964792	89.970660	89.970660	107.964792
Table.ReadLatency.lucasdb.tw_ttl_1h_20min	1511146859	50371561	p50	129.557750	52.066354	129.557750	129.557750	107.964792	107.964792	107.964792	129.557750	129.557750	107.964792
Table.ReadLatency.lucasdb.tw_ttl_1h_20min	1511146896	50371563	p50	155.469300	36.157190	155.469300	129.557750	155.469300	155.469300	155.469300	129.557750	155.469300	155.469300
Table.ReadLatency.lucasdb.tw_ttl_1h_20min	1511146919	50371563	p50	155.469300	36.157190	155.469300	129.557750	155.469300	155.469300	155.469300	129.557750	155.469300	155.469300
Table.ReadLatency.lucasdb.tw_ttl_1h_20min	1511146949	50371564	p50	223.875792	62.479625	186.563160	155.469300	155.469300	155.469300	186.563160	107.964792	155.469300	129.557750
Table.ReadLatency.lucasdb.tw_ttl_1h_20min	1511146979	50371565	p50	223.875792	74.975550	223.875792	186.563160	155.469300	155.469300	186.563160	129.557750	186.563160	186.563160
Table.ReadLatency.lucasdb.tw_ttl_1h_20min	1511147009	50371566	p50	223.875792	74.975550	186.563160	186.563160	155.469300	186.563160	223.875792	186.563160	223.875792	223.875792
Table.ReadLatency.lucasdb.tw_ttl_1h_20min	1511147039	50371567	p50	223.875792	129.557750	223.875792	186.563160	186.563160	186.563160	268.650950	223.875792	223.875792	223.875792
Table.ReadLatency.lucasdb.tw_ttl_1h_20min	1511147069	50371568	p50	268.650950	129.557750	268.650950	223.875792	223.875792	223.875792	268.650950	268.650950	223.875792	223.875792
Table.ReadLatency.lucasdb.tw_ttl_1h_20min	1511147099	50371569	p50	322.381140	186.563160	268.650950	223.875792	223.875792	186.563160	268.650950	223.875792	268.650950	322.381140
Table.ReadLatency.lucasdb.tw_ttl_1h_20min	1511147129	50371570	p50	322.381140	223.875792	322.381140	268.650950	268.650950	223.875792	268.650950	268.650950	322.381140	268.650950
Table.ReadLatency.lucasdb.tw_ttl_1h_20min	1511147162	50371572	p50	322.381140	223.875792	464.228842	322.381140	322.381140	322.381140	322.381140	268.650950	322.381140	386.857368
Table.ReadLatency.lucasdb.tw_ttl_1h_20min	1511147189	50371572	p50	386.857368	223.875792	464.228842	322.381140	322.381140	322.381140	322.381140	268.650950	322.381140	386.857368
Table.ReadLatency.lucasdb.tw_ttl_1h_20min	1511147219	50371573	p50	386.857368	268.650950	464.228842	322.381140	322.381140	386.857368	322.381140	322.381140	322.381140	386.857368
Table.ReadLatency.lucasdb.tw_ttl_1h_20min	1511147249	50371574	p50	386.857368	268.650950	386.857368	322.381140	268.650950	386.857368	386.857368	322.381140	268.650950	386.857368
Table.ReadLatency.lucasdb.tw_ttl_1h_20min	1511147279	50371575	p50	386.857368	223.875792	386.857368	322.381140	268.650950	386.857368	386.857368	322.381140	223.875792	386.857368
Table.ReadLatency.lucasdb.tw_ttl_1h_20min	1511147309	50371576	p50	386.857368	268.650950	386.857368	268.650950	268.650950	464.228842	322.381140	268.650950	268.650950	386.857368
Table.ReadLatency.lucasdb.tw_ttl_1h_20min	1511147339	50371577	p50	386.857368	223.875792	322.381140	268.650950	223.875792	386.857368	322.381140	268.650950	268.650950	386.857368
Table.ReadLatency.lucasdb.tw_ttl_1h_20min	1511147369	50371578	p50	386.857368	223.875792	386.857368	268.650950	223.875792	322.381140	322.381140	268.650950	223.875792	386.857368
Table.ReadLatency.lucasdb.tw_ttl_1h_20min	1511147399	50371579	p50	386.857368	223.875792	322.381140	268.650950	223.875792	322.381140	322.381140	223.875792	223.875792	386.857368
Table.ReadLatency.lucasdb.tw_ttl_1h_20min	1511147429	50371580	p50	386.857368	268.650950	386.857368	322.381140	223.875792	322.381140	322.381140	223.875792	223.875792	322.381140
Table.ReadLatency.lucasdb.tw_ttl_1h_20min	1511147459	50371581	p50	386.857368	223.875792	386.857368	268.650950	268.650950	322.381140	386.857368	268.650950	223.875792	322.381140
Table.ReadLatency.lucasdb.tw_ttl_1h_20min	1511147489	50371582	p50	386.857368	223.875792	464.228842	322.381140	268.650950	322.381140	386.857368	223.875792	268.650950	322.381140
Table.ReadLatency.lucasdb.tw_ttl_1h_20min	1511147519	50371583	p50	386.857368	223.875792	464.228842	322.381140	322.381140	322.381140	464.228842	268.650950	268.650950	322.381140
Table.ReadLatency.lucasdb.tw_ttl_1h_20min	1511147549	50371584	p50	322.381140	186.563160	464.228842	322.381140	268.650950	322.381140	464.228842	223.875792	268.650950	386.857368
Table.ReadLatency.lucasdb.tw_ttl_1h_20min	1511147579	50371585	p50	322.381140	186.563160	386.857368	322.381140	223.875792	268.650950	386.857368	223.875792	268.650950	268.650950
Table.ReadLatency.lucasdb.tw_ttl_1h_20min	1511147609	50371586	p50	322.381140	155.469300	322.381140	322.381140	322.381140	223.875792	322.381140	268.650950	268.650950	223.875792
Table.ReadLatency.lucasdb.tw_ttl_1h_20min	1511147639	50371587	p50	322.381140	186.563160	386.857368	268.650950	322.381140	223.875792	268.650950	268.650950	322.381140	223.875792
Table.ReadLatency.lucasdb.tw_ttl_1h_20min	1511147669	50371588	p50	223.875792	155.469300	322.381140	322.381140	268.650950	223.875792	268.650950	268.650950	268.650950	223.875792
Table.ReadLatency.lucasdb.tw_ttl_1h_20min	1511147699	50371589	p50	223.875792	155.469300	322.381140	322.381140	223.875792	223.875792	223.875792	223.875792	268.650950	186.563160
Table.ReadLatency.lucasdb.tw_ttl_1h_20min	1511147729	50371590	p50	186.563160	129.557750	268.650950	322.381140	186.563160	186.563160	186.563160	223.875792	223.875792	186.563160
Table.ReadLatency.lucasdb.tw_ttl_1h_20min	1511147759	50371591	p50	223.875792	107.964792	223.875792	268.650950	186.563160	186.563160	155.469300	223.875792	223.875792	186.563160
Table.ReadLatency.lucasdb.tw_ttl_1h_20min	1511147789	50371592	p50	223.875792	107.964792	268.650950	268.650950	186.563160	186.563160	186.563160	268.650950	268.650950	155.469300
Table.ReadLatency.lucasdb.tw_ttl_1h_20min	1511147819	50371593	p50	155.469300	62.479625	268.650950	223.875792	186.563160	186.563160	155.469300	268.650950	223.875792	129.557750
Table.ReadLatency.lucasdb.tw_ttl_1h_20min	1511147849	50371594	p50	155.469300	4.866323	223.875792	186.563160	186.563160	155.469300	155.469300	268.650950	223.875792	129.557750
Table.ReadLatency.lucasdb.tw_ttl_1h_20min	1511147879	50371595	p50	155.469300	36.157190	268.650950	155.469300	186.563160	186.563160	186.563160	268.650950	186.563160	129.557750
Table.ReadLatency.lucasdb.tw_ttl_1h_20min	1511147909	50371596	p50	155.469300	43.388628	223.875792	186.563160	186.563160	155.469300	186.563160	268.650950	186.563160	129.557750
Table.ReadLatency.lucasdb.tw_ttl_1h_20min	1511147939	50371597	p50	155.469300	89.970660	223.875792	186.563160	186.563160	155.469300	186.563160	268.650950	155.469300	129.557750
Table.ReadLatency.lucasdb.tw_ttl_1h_20min	1511147969	50371598	p50	155.469300	36.157190	186.563160	186.563160	186.563160	155.469300	155.469300	223.875792	129.557750	129.557750
Table.ReadLatency.lucasdb.tw_ttl_1h_20min	1511147999	50371599	p50	129.557750	17.436917	155.469300	129.557750	129.557750	129.557750	107.964792	186.563160	107.964792	107.964792
Table.ReadLatency.lucasdb.tw_ttl_1h_20min	1511148029	50371600	p50	129.557750	52.066354	129.557750	129.557750	89.970660	107.964792	107.964792	155.469300	107.964792	107.964792
Table.ReadLatency.lucasdb.tw_ttl_1h_20min	1511148059	50371601	p50	155.469300	74.975550	155.469300	129.557750	89.970660	129.557750	107.964792	186.563160	129.557750	107.964792
Table.ReadLatency.lucasdb.tw_ttl_1h_20min	1511148089	50371602	p50	186.563160	89.970660	186.563160	155.469300	89.970660	155.469300	129.557750	186.563160	129.557750	129.557750
Table.ReadLatency.lucasdb.tw_ttl_1h_20min	1511148119	50371603	p50	186.563160	129.557750	155.469300	186.563160	129.557750	129.557750	155.469300	186.563160	155.469300	155.469300
Table.ReadLatency.lucasdb.tw_ttl_1h_20min	1511148149	50371604	p50	223.875792	129.557750	186.563160	186.563160	155.469300	155.469300	186.563160	186.563160	186.563160	186.563160
Table.ReadLatency.lucasdb.tw_ttl_1h_20min	1511148179	50371605	p50	223.875792	129.557750	186.563160	223.875792	155.469300	186.563160	186.563160	186.563160	186.563160	186.563160
Table.ReadLatency.lucasdb.tw_ttl_1h_20min	1511148209	50371606	p50	223.875792	129.557750	186.563160	268.650950	223.875792	223.875792	223.875792	268.650950	268.650950	223.875792
Table.ReadLatency.lucasdb.tw_ttl_1h_20min	1511148239	50371607	p50	223.875792	155.469300	223.875792	322.381140	268.650950	223.875792	268.650950	268.650950	268.650950	223.875792
Table.ReadLatency.lucasdb.tw_ttl_1h_20min	1511148270	50371609	p50	268.650950	186.563160	268.650950	268.650950	386.857368	268.650950	322.381140	268.650950	268.650950	268.650950
Table.ReadLatency.lucasdb.tw_ttl_1h_20min	1511148299	50371609	p50	322.381140	186.563160	268.650950	268.650950	386.857368	268.650950	322.381140	268.650950	268.650950	268.650950
Table.ReadLatency.lucasdb.tw_ttl_1h_20min	1511148329	50371610	p50	268.650950	223.875792	322.381140	322.381140	386.857368	268.650950	268.650950	268.650950	268.650950	268.650950
Table.ReadLatency.lucasdb.tw_ttl_1h_20min	1511148359	50371611	p50	322.381140	186.563160	268.650950	268.650950	386.857368	223.875792	268.650950	268.650950	268.650950	268.650950
Table.ReadLatency.lucasdb.tw_ttl_1h_20min	1511148389	50371612	p50	268.650950	155.469300	223.875792	268.650950	386.857368	223.875792	268.650950	268.650950	223.875792	268.650950
Table.ReadLatency.lucasdb.tw_ttl_1h_20min	1511148419	50371613	p50	223.875792	129.557750	223.875792	223.875792	386.857368	223.875792	186.563160	186.563160	223.875792	186.563160
Table.ReadLatency.lucasdb.tw_ttl_1h_20min	1511148449	50371614	p50	223.875792	155.469300	186.563160	223.875792	268.650950	155.469300	186.563160	186.563160	186.563160	186.563160
Table.ReadLatency.lucasdb.tw_ttl_1h_20min	1511148479	50371615	p50	186.563160	129.557750	186.563160	186.563160	223.875792	155.469300	155.469300	223.875792	186.563160	155.469300
Table.ReadLatency.lucasdb.tw_ttl_1h_20min	1511148509	50371616	p50	155.469300	107.964792	186.563160	155.469300	223.875792	155.469300	186.563160	186.563160	186.563160	155.469300
Table.ReadLatency.lucasdb.tw_ttl_1h_20min	1511148539	50371617	p50	186.563160	129.557750	186.563160	155.469300	155.469300	129.557750	155.469300	186.563160	186.563160	155.469300
Table.ReadLatency.lucasdb.tw_ttl_1h_20min	1511148569	50371618	p50	186.563160	129.557750	186.563160	186.563160	155.469300	186.563160	223.875792	223.875792	223.875792	186.563160
Table.ReadLatency.lucasdb.tw_ttl_1h_20min	1511148599	50371619	p50	223.875792	129.557750	223.875792	223.875792	186.563160	223.875792	223.875792	268.650950	223.875792	223.875792
Table.ReadLatency.lucasdb.tw_ttl_1h_20min	1511148629	50371620	p50	223.875792	129.557750	186.563160	223.875792	186.563160	223.875792	223.875792	223.875792	223.875792	186.563160
Table.ReadLatency.lucasdb.tw_ttl_1h_20min	1511148659	50371621	p50	186.563160	129.557750	186.563160	223.875792	155.469300	186.563160	186.563160	186.563160	186.563160	186.563160
Table.ReadLatency.lucasdb.tw_ttl_1h_20min	1511148689	50371622	p50	129.557750	52.066354	186.563160	186.563160	155.469300	155.469300	155.469300	155.469300	155.469300	155.469300
Table.ReadLatency.lucasdb.tw_ttl_1h_20min	1511148719	50371623	p50	107.964792	74.975550	155.469300	186.563160	155.469300	107.964792	129.557750	129.557750	129.557750	129.557750
Table.ReadLatency.lucasdb.tw_ttl_1h_20min	1511148749	50371624	p50	107.964792	36.157190	155.469300	155.469300	129.557750	89.970660	129.557750	129.557750	107.964792	107.964792
Table.ReadLatency.lucasdb.tw_ttl_1h_20min	1511148779	50371625	p50	89.970660	43.388628	107.964792	107.964792	155.469300	107.964792	129.557750	129.557750	107.964792	107.964792
Table.ReadLatency.lucasdb.tw_ttl_1h_20min	1511148809	50371626	p50	129.557750	62.479625	107.964792	129.557750	129.557750	107.964792	129.557750	107.964792	107.964792	107.964792
Table.ReadLatency.lucasdb.tw_ttl_1h_20min	1511148839	50371627	p50	89.970660	52.066354	107.964792	107.964792	107.964792	107.964792	129.557750	107.964792	107.964792	107.964792
Table.ReadLatency.lucasdb.tw_ttl_1h_20min	1511148869	50371628	p50	107.964792	62.479625	107.964792	155.469300	107.964792	89.970660	129.557750	107.964792	107.964792	107.964792
Table.ReadLatency.lucasdb.tw_ttl_1h_20min	1511148899	50371629	p50	107.964792	62.479625	107.964792	129.557750	107.964792	89.970660	129.557750	89.970660	155.469300	89.970660
Table.ReadLatency.lucasdb.tw_ttl_1h_20min	1511148929	50371630	p50	129.557750	89.970660	107.964792	155.469300	107.964792	107.964792	129.557750	129.557750	155.469300	107.964792
Table.ReadLatency.lucasdb.tw_ttl_1h_20min	1511148959	50371631	p50	155.469300	89.970660	107.964792	155.469300	129.557750	129.557750	129.557750	129.557750	129.557750	155.469300
Table.ReadLatency.lucasdb.tw_ttl_1h_20min	1511148989	50371632	p50	155.469300	107.964792	129.557750	155.469300	129.557750	129.557750	129.557750	155.469300	129.557750	129.557750
Table.ReadLatency.lucasdb.tw_ttl_1h_20min	1511149019	50371633	p50	155.469300	89.970660	155.469300	186.563160	129.557750	107.964792	155.469300	155.469300	129.557750	107.964792
Table.ReadLatency.lucasdb.tw_ttl_1h_20min	1511149049	50371634	p50	155.469300	89.970660	155.469300	155.469300	155.469300	107.964792	155.469300	129.557750	89.970660	107.964792
Table.ReadLatency.lucasdb.tw_ttl_1h_20min	1511149079	50371635	p50	186.563160	89.970660	186.563160	107.964792	129.557750	89.970660	186.563160	155.469300	74.975550	107.964792
Table.ReadLatency.lucasdb.tw_ttl_1h_20min	1511149109	50371636	p50	155.469300	107.964792	186.563160	107.964792	129.557750	89.970660	155.469300	155.469300	89.970660	107.964792
Table.ReadLatency.lucasdb.tw_ttl_1h_20min	1511149139	50371637	p50	155.469300	129.557750	186.563160	74.975550	129.557750	52.066354	129.557750	129.557750	74.975550	74.975550
Table.ReadLatency.lucasdb.tw_ttl_1h_20min	1511149169	50371638	p50	129.557750	129.557750	155.469300	62.479625	107.964792	62.479625	107.964792	107.964792	52.066354	62.479625
Table.ReadLatency.lucasdb.tw_ttl_1h_20min	1511149199	50371639	p50	107.964792	107.964792	107.964792	52.066354	129.557750	62.479625	107.964792	89.970660	43.388628	62.479625
Table.ReadLatency.lucasdb.tw_ttl_1h_20min	1511149229	50371640	p50	129.557750	129.557750	89.970660	74.975550	129.557750	52.066354	107.964792	89.970660	52.066354	52.066354
Table.ReadLatency.lucasdb.tw_ttl_1h_20min	1511149259	50371641	p50	129.557750	129.557750	74.975550	62.479625	107.964792	74.975550	155.469300	129.557750	62.479625	74.975550
Table.ReadLatency.lucasdb.tw_ttl_1h_20min	1511149289	50371642	p50	155.469300	186.563160	107.964792	62.479625	129.557750	89.970660	155.469300	155.469300	89.970660	74.975550
Table.ReadLatency.lucasdb.tw_ttl_1h_20min	1511149319	50371643	p50	223.875792	186.563160	107.964792	89.970660	155.469300	89.970660	186.563160	155.469300	74.975550	74.975550
Table.ReadLatency.lucasdb.tw_ttl_1h_20min	1511149349	50371644	p50	268.650950	186.563160	129.557750	129.557750	186.563160	107.964792	186.563160	155.469300	62.479625	89.970660
Table.ReadLatency.lucasdb.tw_ttl_1h_20min	1511149379	50371645	p50	268.650950	223.875792	107.964792	107.964792	268.650950	129.557750	223.875792	186.563160	74.975550	155.469300
Table.ReadLatency.lucasdb.tw_ttl_1h_20min	1511149409	50371646	p50	322.381140	268.650950	129.557750	107.964792	268.650950	155.469300	223.875792	223.875792	129.557750	155.469300
Table.ReadLatency.lucasdb.tw_ttl_1h_20min	1511149439	50371647	p50	386.857368	268.650950	129.557750	155.469300	268.650950	186.563160	268.650950	268.650950	129.557750	186.563160
Table.ReadLatency.lucasdb.tw_ttl_1h_20min	1511149469	50371648	p50	322.381140	268.650950	186.563160	155.469300	268.650950	186.563160	223.875792	322.381140	186.563160	155.469300
Table.ReadLatency.lucasdb.tw_ttl_1h_20min	1511149499	50371649	p50	322.381140	268.650950	223.875792	186.563160	268.650950	223.875792	268.650950	322.381140	186.563160	155.469300
Table.ReadLatency.lucasdb.tw_ttl_1h_20min	1511149529	50371650	p50	386.857368	268.650950	223.875792	223.875792	268.650950	155.469300	268.650950	268.650950	186.563160	223.875792
Table.ReadLatency.lucasdb.tw_ttl_1h_20min	1511149559	50371651	p50	386.857368	322.381140	223.875792	223.875792	268.650950	223.875792	268.650950	322.381140	186.563160	223.875792
Table.ReadLatency.lucasdb.tw_ttl_1h_20min	1511149590	50371653	p50	386.857368	268.650950	268.650950	223.875792	322.381140	186.563160	268.650950	386.857368	186.563160	223.875792
Table.ReadLatency.lucasdb.tw_ttl_1h_20min	1511149619	50371653	p50	322.381140	268.650950	268.650950	223.875792	322.381140	186.563160	268.650950	386.857368	186.563160	223.875792
Table.ReadLatency.lucasdb.tw_ttl_1h_20min	1511149649	50371654	p50	322.381140	322.381140	268.650950	223.875792	268.650950	223.875792	322.381140	322.381140	186.563160	223.875792
Table.ReadLatency.lucasdb.tw_ttl_1h_20min	1511149679	50371655	p50	386.857368	322.381140	268.650950	223.875792	322.381140	223.875792	268.650950	386.857368	155.469300	223.875792
Table.ReadLatency.lucasdb.tw_ttl_1h_20min	1511149709	50371656	p50	322.381140	268.650950	268.650950	268.650950	322.381140	223.875792	322.381140	386.857368	186.563160	223.875792
Table.ReadLatency.lucasdb.tw_ttl_1h_20min	1511149739	50371657	p50	322.381140	268.650950	223.875792	223.875792	268.650950	268.650950	268.650950	386.857368	268.650950	186.563160
Table.ReadLatency.lucasdb.tw_ttl_1h_20min	1511149769	50371658	p50	322.381140	268.650950	223.875792	186.563160	322.381140	268.650950	268.650950	464.228842	268.650950	186.563160
